invoice_id,dataset_kind,received_at,invoice_age_days,amount_minor,currency,original_po_id,current_po_id,arrival_status,arrival_reason,current_status,current_reason,current_reason_detail,case_state,case_reason,arrival_evidence_ids,current_evidence_ids,case_evidence_ids,owner_role,routing,proposed_action
INV-CASE-ABSENT-OWNER,SYNTHETIC,2026-08-10T10:00:00.000000Z,21.333333333333332,31050,GBP,PO-CASE-ABSENT-OWNER,PO-CASE-ABSENT-OWNER,EXCEPTION,PO_NOT_APPROVED,EXCEPTION,PO_NOT_APPROVED,"The latest eligible PO state is CREATED, without an effective approval.",OPEN,OPEN_AT_RECEIPT,invoice:INV-CASE-ABSENT-OWNER;po:PO-CASE-ABSENT-OWNER;po_event:PE-CASE-ABSENT-OWNER-01;request:REQ-CASE-ABSENT-OWNER;supplier:SUP-01,invoice:INV-CASE-ABSENT-OWNER;po:PO-CASE-ABSENT-OWNER;po_event:PE-CASE-ABSENT-OWNER-01;request:REQ-CASE-ABSENT-OWNER;supplier:SUP-01,invoice:INV-CASE-ABSENT-OWNER,,AP_TRIAGE,AP triage: establish and confirm the responsible department role first. Then ask the department buyer to review the PO approval evidence and required approval process.
INV-CASE-AMBIGUOUS-REFERENCE,SYNTHETIC,2026-08-10T10:00:00.000000Z,21.333333333333332,31050,GBP,PO-CASE-AMBIGUOUS-REFERENCE,,READY,READY,UNKNOWN,AMBIGUOUS_CURRENT_REFERENCE,Different reference confirmations share the latest eligible effective timestamp.,OPEN,OPEN_AT_RECEIPT,invoice:INV-CASE-AMBIGUOUS-REFERENCE;po:PO-CASE-AMBIGUOUS-REFERENCE;po_event:PE-CASE-AMBIGUOUS-REFERENCE-02;request:REQ-CASE-AMBIGUOUS-REFERENCE;supplier:SUP-01,case_event:CE-AMBIGUOUS-REFERENCE-A;case_event:CE-AMBIGUOUS-REFERENCE-B;invoice:INV-CASE-AMBIGUOUS-REFERENCE,invoice:INV-CASE-AMBIGUOUS-REFERENCE,WORKPLACE_BUYER,AP_DATA_INVESTIGATION,"AP data investigation: reconcile the missing, invalid or ambiguous evidence identified by the reason and evidence IDs."
INV-CASE-AMBIGUOUS-STATE,SYNTHETIC,2026-08-10T10:00:00.000000Z,21.333333333333332,31050,GBP,PO-CASE-AMBIGUOUS-STATE,PO-CASE-AMBIGUOUS-STATE,UNKNOWN,AMBIGUOUS_PO_STATE,UNKNOWN,AMBIGUOUS_PO_STATE,Different PO states share the latest eligible effective timestamp.,OPEN,OPEN_AT_RECEIPT,invoice:INV-CASE-AMBIGUOUS-STATE;po:PO-CASE-AMBIGUOUS-STATE;po_event:PE-CASE-AMBIGUOUS-STATE-02;po_event:PE-CASE-AMBIGUOUS-STATE-03;request:REQ-CASE-AMBIGUOUS-STATE;supplier:SUP-01,invoice:INV-CASE-AMBIGUOUS-STATE;po:PO-CASE-AMBIGUOUS-STATE;po_event:PE-CASE-AMBIGUOUS-STATE-02;po_event:PE-CASE-AMBIGUOUS-STATE-03;request:REQ-CASE-AMBIGUOUS-STATE;supplier:SUP-01,invoice:INV-CASE-AMBIGUOUS-STATE,WORKPLACE_BUYER,AP_DATA_INVESTIGATION,"AP data investigation: reconcile the missing, invalid or ambiguous evidence identified by the reason and evidence IDs."
INV-CASE-BAD-CASE-HISTORY,SYNTHETIC,2026-08-10T10:00:00.000000Z,21.333333333333332,31050,GBP,PO-CASE-BAD-CASE-HISTORY,PO-CASE-BAD-CASE-HISTORY,UNKNOWN,INVALID_CASE_HISTORY,UNKNOWN,INVALID_CASE_HISTORY,Validation identified invalid invoice case history; its effect is unresolved.,UNKNOWN,INVALID_CASE_HISTORY,invoice:INV-CASE-BAD-CASE-HISTORY,invoice:INV-CASE-BAD-CASE-HISTORY,invoice:INV-CASE-BAD-CASE-HISTORY,WORKPLACE_BUYER,AP_DATA_INVESTIGATION,AP data investigation: reconcile case event history before deciding whether the case is open or closed.
INV-CASE-BAD-PO-HISTORY,SYNTHETIC,2026-08-10T10:00:00.000000Z,21.333333333333332,31050,GBP,PO-CASE-BAD-PO-HISTORY,PO-CASE-BAD-PO-HISTORY,UNKNOWN,INVALID_PO_HISTORY,UNKNOWN,INVALID_PO_HISTORY,Validation identified invalid history for this PO; discarding it cannot establish state.,OPEN,OPEN_AT_RECEIPT,invoice:INV-CASE-BAD-PO-HISTORY;po:PO-CASE-BAD-PO-HISTORY,invoice:INV-CASE-BAD-PO-HISTORY;po:PO-CASE-BAD-PO-HISTORY,invoice:INV-CASE-BAD-PO-HISTORY,WORKPLACE_BUYER,AP_DATA_INVESTIGATION,"AP data investigation: reconcile the missing, invalid or ambiguous evidence identified by the reason and evidence IDs."
INV-CASE-CLOSED-PO,SYNTHETIC,2026-08-10T10:00:00.000000Z,21.333333333333332,31050,GBP,PO-CASE-CLOSED-PO,PO-CASE-CLOSED-PO,EXCEPTION,PO_CLOSED,EXCEPTION,PO_CLOSED,The latest eligible PO state is CLOSED and requires human review.,OPEN,OPEN_AT_RECEIPT,invoice:INV-CASE-CLOSED-PO;po:PO-CASE-CLOSED-PO;po_event:PE-CASE-CLOSED-PO-03;request:REQ-CASE-CLOSED-PO;supplier:SUP-01,invoice:INV-CASE-CLOSED-PO;po:PO-CASE-CLOSED-PO;po_event:PE-CASE-CLOSED-PO-03;request:REQ-CASE-CLOSED-PO;supplier:SUP-01,invoice:INV-CASE-CLOSED-PO,WORKPLACE_BUYER,WORKPLACE_BUYER,Ask the department buyer to review the closed PO and the invoice's intended order reference.
INV-CASE-COMMERCIAL-COLLISION-A,SYNTHETIC,2026-08-10T10:00:00.000000Z,21.333333333333332,31050,GBP,PO-CASE-COMMERCIAL-COLLISION-A,PO-CASE-COMMERCIAL-COLLISION-A,UNKNOWN,COMMERCIAL_DOCUMENT_COLLISION,UNKNOWN,COMMERCIAL_DOCUMENT_COLLISION,Multiple invoice records share the supplier and commercial document number.,OPEN,OPEN_AT_RECEIPT,invoice:INV-CASE-COMMERCIAL-COLLISION-A,invoice:INV-CASE-COMMERCIAL-COLLISION-A,invoice:INV-CASE-COMMERCIAL-COLLISION-A,WORKPLACE_BUYER,AP_DATA_INVESTIGATION,Investigate the shared supplier/document number without merging or paying either record automatically.
INV-CASE-COMMERCIAL-COLLISION-B,SYNTHETIC,2026-08-10T10:00:00.000000Z,21.333333333333332,31050,GBP,PO-CASE-COMMERCIAL-COLLISION-B,PO-CASE-COMMERCIAL-COLLISION-B,UNKNOWN,COMMERCIAL_DOCUMENT_COLLISION,UNKNOWN,COMMERCIAL_DOCUMENT_COLLISION,Multiple invoice records share the supplier and commercial document number.,OPEN,OPEN_AT_RECEIPT,invoice:INV-CASE-COMMERCIAL-COLLISION-B,invoice:INV-CASE-COMMERCIAL-COLLISION-B,invoice:INV-CASE-COMMERCIAL-COLLISION-B,WORKPLACE_BUYER,AP_DATA_INVESTIGATION,Investigate the shared supplier/document number without merging or paying either record automatically.
INV-CASE-CURRENCY-MISMATCH,SYNTHETIC,2026-08-10T10:00:00.000000Z,21.333333333333332,31050,GBP,PO-CASE-CURRENCY-MISMATCH,PO-CASE-CURRENCY-MISMATCH,EXCEPTION,CURRENCY_MISMATCH,EXCEPTION,CURRENCY_MISMATCH,Invoice and PO currencies differ.,OPEN,OPEN_AT_RECEIPT,invoice:INV-CASE-CURRENCY-MISMATCH;po:PO-CASE-CURRENCY-MISMATCH;request:REQ-CASE-CURRENCY-MISMATCH;supplier:SUP-01,invoice:INV-CASE-CURRENCY-MISMATCH;po:PO-CASE-CURRENCY-MISMATCH;request:REQ-CASE-CURRENCY-MISMATCH;supplier:SUP-01,invoice:INV-CASE-CURRENCY-MISMATCH,WORKPLACE_BUYER,WORKPLACE_BUYER,Resolve the invoice and PO currency mismatch with the department buyer.
INV-CASE-FUTURE-REFERENCE,SYNTHETIC,2026-08-10T10:00:00.000000Z,21.333333333333332,31050,GBP,,,EXCEPTION,MISSING_PO_REFERENCE,EXCEPTION,MISSING_PO_REFERENCE,No PO reference is supplied; this does not prove that no other PO exists.,OPEN,OPEN_AT_RECEIPT,invoice:INV-CASE-FUTURE-REFERENCE,invoice:INV-CASE-FUTURE-REFERENCE,invoice:INV-CASE-FUTURE-REFERENCE,WORKPLACE_BUYER,WORKPLACE_BUYER,Ask the responsible department to identify and confirm the invoice's PO reference.
INV-CASE-LATE-CANCELLATION,SYNTHETIC,2026-08-10T10:00:00.000000Z,21.333333333333332,31050,GBP,PO-CASE-LATE-CANCELLATION,PO-CASE-LATE-CANCELLATION,UNKNOWN,LATE_RECORDED_PO_STATE,EXCEPTION,PO_CANCELLED,The latest eligible PO state is CANCELLED and requires human review.,OPEN,OPEN_AT_RECEIPT,invoice:INV-CASE-LATE-CANCELLATION;po:PO-CASE-LATE-CANCELLATION;po_event:PE-CASE-LATE-CANCELLATION-03;request:REQ-CASE-LATE-CANCELLATION;supplier:SUP-01,invoice:INV-CASE-LATE-CANCELLATION;po:PO-CASE-LATE-CANCELLATION;po_event:PE-CASE-LATE-CANCELLATION-03;request:REQ-CASE-LATE-CANCELLATION;supplier:SUP-01,invoice:INV-CASE-LATE-CANCELLATION,WORKPLACE_BUYER,WORKPLACE_BUYER,Ask the department buyer to review the cancelled PO and establish the correct order evidence.
INV-CASE-MISSING-REFERENCE,SYNTHETIC,2026-08-10T10:00:00.000000Z,21.333333333333332,31050,GBP,,,EXCEPTION,MISSING_PO_REFERENCE,EXCEPTION,MISSING_PO_REFERENCE,No PO reference is supplied; this does not prove that no other PO exists.,OPEN,OPEN_AT_RECEIPT,invoice:INV-CASE-MISSING-REFERENCE,invoice:INV-CASE-MISSING-REFERENCE,invoice:INV-CASE-MISSING-REFERENCE,WORKPLACE_BUYER,WORKPLACE_BUYER,Ask the responsible department to identify and confirm the invoice's PO reference.
INV-CASE-NO-STATE,SYNTHETIC,2026-08-10T10:00:00.000000Z,21.333333333333332,31050,GBP,PO-CASE-NO-STATE,PO-CASE-NO-STATE,UNKNOWN,NO_PO_STATE_HISTORY,UNKNOWN,NO_PO_STATE_HISTORY,No eligible state evidence is available for the existing PO.,OPEN,OPEN_AT_RECEIPT,invoice:INV-CASE-NO-STATE;po:PO-CASE-NO-STATE;request:REQ-CASE-NO-STATE;supplier:SUP-01,invoice:INV-CASE-NO-STATE;po:PO-CASE-NO-STATE;request:REQ-CASE-NO-STATE;supplier:SUP-01,invoice:INV-CASE-NO-STATE,WORKPLACE_BUYER,AP_DATA_INVESTIGATION,"AP data investigation: reconcile the missing, invalid or ambiguous evidence identified by the reason and evidence IDs."
INV-CASE-REOPENED,SYNTHETIC,2026-08-10T10:00:00.000000Z,21.333333333333332,31050,GBP,,,EXCEPTION,MISSING_PO_REFERENCE,EXCEPTION,MISSING_PO_REFERENCE,No PO reference is supplied; this does not prove that no other PO exists.,OPEN,EXPLICIT_CASE_REOPENED,invoice:INV-CASE-REOPENED,invoice:INV-CASE-REOPENED,case_event:CE-CASE-REOPENED-REOPEN;invoice:INV-CASE-REOPENED,WORKPLACE_BUYER,WORKPLACE_BUYER,Ask the responsible department to identify and confirm the invoice's PO reference.
INV-CASE-UNKNOWN-REFERENCE,SYNTHETIC,2026-08-10T10:00:00.000000Z,21.333333333333332,31050,GBP,PO-NOT-IN-REGISTRY,PO-NOT-IN-REGISTRY,EXCEPTION,PO_NOT_FOUND,EXCEPTION,PO_NOT_FOUND,The supplied PO reference is absent from the declared complete registry.,OPEN,OPEN_AT_RECEIPT,invoice:INV-CASE-UNKNOWN-REFERENCE;po:PO-NOT-IN-REGISTRY,invoice:INV-CASE-UNKNOWN-REFERENCE;po:PO-NOT-IN-REGISTRY,invoice:INV-CASE-UNKNOWN-REFERENCE,WORKPLACE_BUYER,WORKPLACE_BUYER,Check the supplied reference against procurement records and obtain an evidenced correction.
INV-CASE-UNKNOWN-REQUEST,SYNTHETIC,2026-08-10T10:00:00.000000Z,21.333333333333332,31050,GBP,PO-CASE-UNKNOWN-REQUEST,PO-CASE-UNKNOWN-REQUEST,UNKNOWN,UNKNOWN_REQUEST_IDENTITY,UNKNOWN,UNKNOWN_REQUEST_IDENTITY,A supplied request identity cannot be resolved in the source registry.,OPEN,OPEN_AT_RECEIPT,invoice:INV-CASE-UNKNOWN-REQUEST;po:PO-CASE-UNKNOWN-REQUEST,invoice:INV-CASE-UNKNOWN-REQUEST;po:PO-CASE-UNKNOWN-REQUEST,invoice:INV-CASE-UNKNOWN-REQUEST,,AP_DATA_INVESTIGATION,"AP data investigation: reconcile the missing, invalid or ambiguous evidence identified by the reason and evidence IDs."
INV-CASE-UNKNOWN-SUPPLIER,SYNTHETIC,2026-08-10T10:00:00.000000Z,21.333333333333332,31050,GBP,PO-CASE-UNKNOWN-SUPPLIER,PO-CASE-UNKNOWN-SUPPLIER,UNKNOWN,UNKNOWN_SUPPLIER_IDENTITY,UNKNOWN,UNKNOWN_SUPPLIER_IDENTITY,A supplier identity cannot be resolved in the source registry.,OPEN,OPEN_AT_RECEIPT,invoice:INV-CASE-UNKNOWN-SUPPLIER;po:PO-CASE-UNKNOWN-SUPPLIER,invoice:INV-CASE-UNKNOWN-SUPPLIER;po:PO-CASE-UNKNOWN-SUPPLIER,invoice:INV-CASE-UNKNOWN-SUPPLIER,WORKPLACE_BUYER,AP_DATA_INVESTIGATION,"AP data investigation: reconcile the missing, invalid or ambiguous evidence identified by the reason and evidence IDs."
INV-CASE-WRONG-REQUEST,SYNTHETIC,2026-08-10T10:00:00.000000Z,21.333333333333332,31050,GBP,PO-CASE-WRONG-REQUEST,PO-CASE-WRONG-REQUEST,EXCEPTION,REQUEST_MISMATCH,EXCEPTION,REQUEST_MISMATCH,The known invoice request differs from the PO request.,OPEN,OPEN_AT_RECEIPT,invoice:INV-CASE-WRONG-REQUEST;po:PO-CASE-WRONG-REQUEST;request:REQ-CASE-ALTERNATIVE-REQUEST;request:REQ-CASE-WRONG-REQUEST;supplier:SUP-01,invoice:INV-CASE-WRONG-REQUEST;po:PO-CASE-WRONG-REQUEST;request:REQ-CASE-ALTERNATIVE-REQUEST;request:REQ-CASE-WRONG-REQUEST;supplier:SUP-01,invoice:INV-CASE-WRONG-REQUEST,WORKPLACE_BUYER,WORKPLACE_BUYER,Reconcile the invoice's request identity with the PO's linked request.
INV-CASE-WRONG-SUPPLIER,SYNTHETIC,2026-08-10T10:00:00.000000Z,21.333333333333332,31050,GBP,PO-CASE-WRONG-SUPPLIER,PO-CASE-WRONG-SUPPLIER,EXCEPTION,SUPPLIER_MISMATCH,EXCEPTION,SUPPLIER_MISMATCH,"Known supplier identities disagree across the invoice, request or PO.",OPEN,OPEN_AT_RECEIPT,invoice:INV-CASE-WRONG-SUPPLIER;po:PO-CASE-WRONG-SUPPLIER;request:REQ-CASE-WRONG-SUPPLIER;supplier:SUP-01;supplier:SUP-02,invoice:INV-CASE-WRONG-SUPPLIER;po:PO-CASE-WRONG-SUPPLIER;request:REQ-CASE-WRONG-SUPPLIER;supplier:SUP-01;supplier:SUP-02,invoice:INV-CASE-WRONG-SUPPLIER,WORKPLACE_BUYER,WORKPLACE_BUYER,"Reconcile supplier identity across the invoice, request and PO before confirming a reference."
INV-SYN-006,SYNTHETIC,2026-08-09T15:00:00.000000Z,22.125,199665,GBP,PO-SYN-006,PO-SYN-006,EXCEPTION,PO_NOT_APPROVED,EXCEPTION,PO_NOT_APPROVED,"The latest eligible PO state is CREATED, without an effective approval.",OPEN,OPEN_AT_RECEIPT,invoice:INV-SYN-006;po:PO-SYN-006;po_event:PE-SYN-006-01;request:REQ-SYN-006;supplier:SUP-04,invoice:INV-SYN-006;po:PO-SYN-006;po_event:PE-SYN-006-01;request:REQ-SYN-006;supplier:SUP-04,invoice:INV-SYN-006,DIGITAL_BUYER,DIGITAL_BUYER,Ask the department buyer to review the PO approval evidence and required approval process.
INV-SYN-008,SYNTHETIC,2026-08-10T10:00:00.000000Z,21.333333333333332,73501,GBP,,,EXCEPTION,MISSING_PO_REFERENCE,EXCEPTION,MISSING_PO_REFERENCE,No PO reference is supplied; this does not prove that no other PO exists.,OPEN,OPEN_AT_RECEIPT,invoice:INV-SYN-008,invoice:INV-SYN-008,invoice:INV-SYN-008,DIGITAL_BUYER,DIGITAL_BUYER,Ask the responsible department to identify and confirm the invoice's PO reference.
INV-SYN-009,SYNTHETIC,2026-08-07T14:00:00.000000Z,24.166666666666668,219537,GBP,PO-SYN-009,PO-SYN-009,EXCEPTION,PO_CANCELLED,EXCEPTION,PO_CANCELLED,The latest eligible PO state is CANCELLED and requires human review.,OPEN,OPEN_AT_RECEIPT,invoice:INV-SYN-009;po:PO-SYN-009;po_event:PE-SYN-009-03;request:REQ-SYN-009;supplier:SUP-01,invoice:INV-SYN-009;po:PO-SYN-009;po_event:PE-SYN-009-03;request:REQ-SYN-009;supplier:SUP-01,invoice:INV-SYN-009,WORKPLACE_BUYER,WORKPLACE_BUYER,Ask the department buyer to review the cancelled PO and establish the correct order evidence.
INV-SYN-016,SYNTHETIC,2026-08-09T14:00:00.000000Z,22.166666666666668,422241,GBP,PO-SYN-016,PO-SYN-016,EXCEPTION,PO_NOT_APPROVED,EXCEPTION,PO_NOT_APPROVED,"The latest eligible PO state is CREATED, without an effective approval.",OPEN,OPEN_AT_RECEIPT,invoice:INV-SYN-016;po:PO-SYN-016;po_event:PE-SYN-016-01;request:REQ-SYN-016;supplier:SUP-07,invoice:INV-SYN-016;po:PO-SYN-016;po_event:PE-SYN-016-01;request:REQ-SYN-016;supplier:SUP-07,invoice:INV-SYN-016,LEARNING_BUYER,LEARNING_BUYER,Ask the department buyer to review the PO approval evidence and required approval process.
INV-SYN-018,SYNTHETIC,2026-08-12T12:00:00.000000Z,19.25,89282,GBP,,,EXCEPTION,MISSING_PO_REFERENCE,EXCEPTION,MISSING_PO_REFERENCE,No PO reference is supplied; this does not prove that no other PO exists.,OPEN,OPEN_AT_RECEIPT,invoice:INV-SYN-018,invoice:INV-SYN-018,invoice:INV-SYN-018,LOGISTICS_BUYER,LOGISTICS_BUYER,Ask the responsible department to identify and confirm the invoice's PO reference.
INV-SYN-019,SYNTHETIC,2026-08-24T15:00:00.000000Z,7.125,118977,GBP,PO-SYN-019,PO-SYN-019,EXCEPTION,PO_CANCELLED,EXCEPTION,PO_CANCELLED,The latest eligible PO state is CANCELLED and requires human review.,OPEN,OPEN_AT_RECEIPT,invoice:INV-SYN-019;po:PO-SYN-019;po_event:PE-SYN-019-03;request:REQ-SYN-019;supplier:SUP-05,invoice:INV-SYN-019;po:PO-SYN-019;po_event:PE-SYN-019-03;request:REQ-SYN-019;supplier:SUP-05,invoice:INV-SYN-019,,AP_TRIAGE,AP triage: establish and confirm the responsible department role first. Then ask the department buyer to review the cancelled PO and establish the correct order evidence.
INV-SYN-026,SYNTHETIC,2026-08-21T12:00:00.000000Z,10.25,227420,GBP,PO-SYN-026,PO-SYN-026,EXCEPTION,PO_NOT_APPROVED,EXCEPTION,PO_NOT_APPROVED,"The latest eligible PO state is CREATED, without an effective approval.",OPEN,OPEN_AT_RECEIPT,invoice:INV-SYN-026;po:PO-SYN-026;po_event:PE-SYN-026-01;request:REQ-SYN-026;supplier:SUP-05,invoice:INV-SYN-026;po:PO-SYN-026;po_event:PE-SYN-026-01;request:REQ-SYN-026;supplier:SUP-05,invoice:INV-SYN-026,LOGISTICS_BUYER,LOGISTICS_BUYER,Ask the department buyer to review the PO approval evidence and required approval process.
INV-SYN-028,SYNTHETIC,2026-08-05T14:00:00.000000Z,26.166666666666668,349604,GBP,,,EXCEPTION,MISSING_PO_REFERENCE,EXCEPTION,MISSING_PO_REFERENCE,No PO reference is supplied; this does not prove that no other PO exists.,OPEN,OPEN_AT_RECEIPT,invoice:INV-SYN-028,invoice:INV-SYN-028,invoice:INV-SYN-028,LOGISTICS_BUYER,LOGISTICS_BUYER,Ask the responsible department to identify and confirm the invoice's PO reference.
INV-SYN-029,SYNTHETIC,2026-08-07T11:00:00.000000Z,24.291666666666668,438461,GBP,PO-SYN-029,PO-SYN-029,EXCEPTION,PO_CANCELLED,EXCEPTION,PO_CANCELLED,The latest eligible PO state is CANCELLED and requires human review.,OPEN,OPEN_AT_RECEIPT,invoice:INV-SYN-029;po:PO-SYN-029;po_event:PE-SYN-029-03;request:REQ-SYN-029;supplier:SUP-04,invoice:INV-SYN-029;po:PO-SYN-029;po_event:PE-SYN-029-03;request:REQ-SYN-029;supplier:SUP-04,invoice:INV-SYN-029,,AP_TRIAGE,AP triage: establish and confirm the responsible department role first. Then ask the department buyer to review the cancelled PO and establish the correct order evidence.
INV-SYN-036,SYNTHETIC,2026-08-17T12:00:00.000000Z,14.25,205545,GBP,PO-SYN-036,PO-SYN-036,EXCEPTION,PO_NOT_APPROVED,EXCEPTION,PO_NOT_APPROVED,"The latest eligible PO state is CREATED, without an effective approval.",OPEN,OPEN_AT_RECEIPT,invoice:INV-SYN-036;po:PO-SYN-036;po_event:PE-SYN-036-01;request:REQ-SYN-036;supplier:SUP-04,invoice:INV-SYN-036;po:PO-SYN-036;po_event:PE-SYN-036-01;request:REQ-SYN-036;supplier:SUP-04,invoice:INV-SYN-036,LEARNING_BUYER,LEARNING_BUYER,Ask the department buyer to review the PO approval evidence and required approval process.
INV-SYN-038,SYNTHETIC,2026-08-20T11:00:00.000000Z,11.291666666666666,266967,GBP,,,EXCEPTION,MISSING_PO_REFERENCE,EXCEPTION,MISSING_PO_REFERENCE,No PO reference is supplied; this does not prove that no other PO exists.,OPEN,OPEN_AT_RECEIPT,invoice:INV-SYN-038,invoice:INV-SYN-038,invoice:INV-SYN-038,,AP_TRIAGE,AP triage: establish and confirm the responsible department role first. Then ask the responsible department to identify and confirm the invoice's PO reference.
INV-SYN-039,SYNTHETIC,2026-08-11T11:00:00.000000Z,20.291666666666668,271884,GBP,PO-SYN-039,PO-SYN-039,EXCEPTION,PO_CANCELLED,EXCEPTION,PO_CANCELLED,The latest eligible PO state is CANCELLED and requires human review.,OPEN,OPEN_AT_RECEIPT,invoice:INV-SYN-039;po:PO-SYN-039;po_event:PE-SYN-039-03;request:REQ-SYN-039;supplier:SUP-07,invoice:INV-SYN-039;po:PO-SYN-039;po_event:PE-SYN-039-03;request:REQ-SYN-039;supplier:SUP-07,invoice:INV-SYN-039,LEARNING_BUYER,LEARNING_BUYER,Ask the department buyer to review the cancelled PO and establish the correct order evidence.
INV-SYN-046,SYNTHETIC,2026-08-08T14:00:00.000000Z,23.166666666666668,12437,GBP,PO-SYN-046,PO-SYN-046,EXCEPTION,PO_NOT_APPROVED,EXCEPTION,PO_NOT_APPROVED,"The latest eligible PO state is CREATED, without an effective approval.",OPEN,OPEN_AT_RECEIPT,invoice:INV-SYN-046;po:PO-SYN-046;po_event:PE-SYN-046-01;request:REQ-SYN-046;supplier:SUP-05,invoice:INV-SYN-046;po:PO-SYN-046;po_event:PE-SYN-046-01;request:REQ-SYN-046;supplier:SUP-05,invoice:INV-SYN-046,LEARNING_BUYER,LEARNING_BUYER,Ask the department buyer to review the PO approval evidence and required approval process.
INV-SYN-048,SYNTHETIC,2026-08-08T11:00:00.000000Z,23.291666666666668,420299,GBP,,,EXCEPTION,MISSING_PO_REFERENCE,EXCEPTION,MISSING_PO_REFERENCE,No PO reference is supplied; this does not prove that no other PO exists.,OPEN,OPEN_AT_RECEIPT,invoice:INV-SYN-048,invoice:INV-SYN-048,invoice:INV-SYN-048,WORKPLACE_BUYER,WORKPLACE_BUYER,Ask the responsible department to identify and confirm the invoice's PO reference.
INV-SYN-049,SYNTHETIC,2026-08-02T10:00:00.000000Z,29.333333333333332,114492,GBP,PO-SYN-049,PO-SYN-049,EXCEPTION,PO_CANCELLED,EXCEPTION,PO_CANCELLED,The latest eligible PO state is CANCELLED and requires human review.,OPEN,OPEN_AT_RECEIPT,invoice:INV-SYN-049;po:PO-SYN-049;po_event:PE-SYN-049-03;request:REQ-SYN-049;supplier:SUP-07,invoice:INV-SYN-049;po:PO-SYN-049;po_event:PE-SYN-049-03;request:REQ-SYN-049;supplier:SUP-07,invoice:INV-SYN-049,DIGITAL_BUYER,DIGITAL_BUYER,Ask the department buyer to review the cancelled PO and establish the correct order evidence.
INV-SYN-056,SYNTHETIC,2026-08-19T10:00:00.000000Z,12.333333333333334,81483,GBP,PO-SYN-056,PO-SYN-056,EXCEPTION,PO_NOT_APPROVED,EXCEPTION,PO_NOT_APPROVED,"The latest eligible PO state is CREATED, without an effective approval.",OPEN,OPEN_AT_RECEIPT,invoice:INV-SYN-056;po:PO-SYN-056;po_event:PE-SYN-056-01;request:REQ-SYN-056;supplier:SUP-08,invoice:INV-SYN-056;po:PO-SYN-056;po_event:PE-SYN-056-01;request:REQ-SYN-056;supplier:SUP-08,invoice:INV-SYN-056,LOGISTICS_BUYER,LOGISTICS_BUYER,Ask the department buyer to review the PO approval evidence and required approval process.
INV-SYN-058,SYNTHETIC,2026-08-19T12:00:00.000000Z,12.25,87415,GBP,,,EXCEPTION,MISSING_PO_REFERENCE,EXCEPTION,MISSING_PO_REFERENCE,No PO reference is supplied; this does not prove that no other PO exists.,OPEN,OPEN_AT_RECEIPT,invoice:INV-SYN-058,invoice:INV-SYN-058,invoice:INV-SYN-058,,AP_TRIAGE,AP triage: establish and confirm the responsible department role first. Then ask the responsible department to identify and confirm the invoice's PO reference.
INV-SYN-059,SYNTHETIC,2026-08-24T10:00:00.000000Z,7.333333333333333,335695,GBP,PO-SYN-059,PO-SYN-059,EXCEPTION,PO_CANCELLED,EXCEPTION,PO_CANCELLED,The latest eligible PO state is CANCELLED and requires human review.,OPEN,OPEN_AT_RECEIPT,invoice:INV-SYN-059;po:PO-SYN-059;po_event:PE-SYN-059-03;request:REQ-SYN-059;supplier:SUP-04,invoice:INV-SYN-059;po:PO-SYN-059;po_event:PE-SYN-059-03;request:REQ-SYN-059;supplier:SUP-04,invoice:INV-SYN-059,LEARNING_BUYER,LEARNING_BUYER,Ask the department buyer to review the cancelled PO and establish the correct order evidence.
