invoice_id,supplier_id,supplier_invoice_no,request_id,po_id,issued_at,received_at,amount_minor,currency,category,document_type
 inv-case-cleanup , sup-01 ,SYNTHETIC-CASE-CLEANUP,  req-case-cleanup  , po-case-cleanup ,2026-08-08T09:00:00Z,2026-08-10T11:00:00+01:00, 31050 , gbp , routine , invoice 
INV-CASE-ABSENT-OWNER,SUP-01,SYNTHETIC-CASE-ABSENT-OWNER,REQ-CASE-ABSENT-OWNER,PO-CASE-ABSENT-OWNER,2026-08-08T09:00:00Z,2026-08-10T10:00:00Z,31050,GBP,ROUTINE,INVOICE
INV-CASE-AFTER-CUTOFF,SUP-01,SYNTHETIC-CASE-AFTER-CUTOFF,REQ-CASE-AFTER-CUTOFF,PO-CASE-AFTER-CUTOFF,2026-08-30T09:00:00Z,2026-08-31T20:00:00Z,31050,GBP,ROUTINE,INVOICE
INV-CASE-AMBIGUOUS-REFERENCE,SUP-01,SYNTHETIC-CASE-AMBIGUOUS-REFERENCE,REQ-CASE-AMBIGUOUS-REFERENCE,PO-CASE-AMBIGUOUS-REFERENCE,2026-08-08T09:00:00Z,2026-08-10T10:00:00Z,31050,GBP,ROUTINE,INVOICE
INV-CASE-AMBIGUOUS-STATE,SUP-01,SYNTHETIC-CASE-AMBIGUOUS-STATE,REQ-CASE-AMBIGUOUS-STATE,PO-CASE-AMBIGUOUS-STATE,2026-08-08T09:00:00Z,2026-08-10T10:00:00Z,31050,GBP,ROUTINE,INVOICE
INV-CASE-BAD-AMOUNT,SUP-01,SYNTHETIC-CASE-BAD-AMOUNT,REQ-CASE-BAD-AMOUNT,PO-CASE-BAD-AMOUNT,2026-08-08T09:00:00Z,2026-08-10T10:00:00Z,123.45,GBP,ROUTINE,INVOICE
INV-CASE-BAD-CASE-HISTORY,SUP-01,SYNTHETIC-CASE-BAD-CASE-HISTORY,REQ-CASE-BAD-CASE-HISTORY,PO-CASE-BAD-CASE-HISTORY,2026-08-08T09:00:00Z,2026-08-10T10:00:00Z,31050,GBP,ROUTINE,INVOICE
INV-CASE-BAD-PO-HISTORY,SUP-01,SYNTHETIC-CASE-BAD-PO-HISTORY,REQ-CASE-BAD-PO-HISTORY,PO-CASE-BAD-PO-HISTORY,2026-08-08T09:00:00Z,2026-08-10T10:00:00Z,31050,GBP,ROUTINE,INVOICE
INV-CASE-BAD-TIMESTAMP,SUP-01,SYNTHETIC-CASE-BAD-TIMESTAMP,REQ-CASE-BAD-TIMESTAMP,PO-CASE-BAD-TIMESTAMP,2026-08-08T09:00:00Z,2026-08-99T10:00:00Z,31050,GBP,ROUTINE,INVOICE
INV-CASE-BEFORE-COHORT,SUP-01,SYNTHETIC-CASE-BEFORE-COHORT,REQ-CASE-BEFORE-COHORT,PO-CASE-BEFORE-COHORT,2026-07-28T09:00:00Z,2026-07-30T10:00:00Z,31050,GBP,ROUTINE,INVOICE
INV-CASE-CAPITAL,SUP-01,SYNTHETIC-CASE-CAPITAL,REQ-CASE-CAPITAL,PO-CASE-CAPITAL,2026-08-08T09:00:00Z,2026-08-10T10:00:00Z,31050,GBP,CAPITAL,INVOICE
INV-CASE-CLOSED,SUP-01,SYNTHETIC-CASE-CLOSED,REQ-CASE-CLOSED,,2026-08-08T09:00:00Z,2026-08-10T10:00:00Z,31050,GBP,ROUTINE,INVOICE
INV-CASE-CLOSED-PO,SUP-01,SYNTHETIC-CASE-CLOSED-PO,REQ-CASE-CLOSED-PO,PO-CASE-CLOSED-PO,2026-08-08T09:00:00Z,2026-08-10T10:00:00Z,31050,GBP,ROUTINE,INVOICE
INV-CASE-COMMERCIAL-COLLISION-A,SUP-01,SYNTHETIC-SHARED-COMMERCIAL-REFERENCE,REQ-CASE-COMMERCIAL-COLLISION-A,PO-CASE-COMMERCIAL-COLLISION-A,2026-08-08T09:00:00Z,2026-08-10T10:00:00Z,31050,GBP,ROUTINE,INVOICE
INV-CASE-COMMERCIAL-COLLISION-B,SUP-01,SYNTHETIC-SHARED-COMMERCIAL-REFERENCE,REQ-CASE-COMMERCIAL-COLLISION-B,PO-CASE-COMMERCIAL-COLLISION-B,2026-08-08T09:00:00Z,2026-08-10T10:00:00Z,31050,GBP,ROUTINE,INVOICE
INV-CASE-CONFLICT-DUPLICATE,SUP-01,SYNTHETIC-CASE-CONFLICT-DUPLICATE,REQ-CASE-CONFLICT-DUPLICATE,PO-CASE-CONFLICT-DUPLICATE,2026-08-08T09:00:00Z,2026-08-10T10:00:00Z,31050,GBP,ROUTINE,INVOICE
INV-CASE-CONFLICT-DUPLICATE,SUP-01,SYNTHETIC-CASE-CONFLICT-DUPLICATE,REQ-CASE-CONFLICT-DUPLICATE,PO-CASE-CONFLICT-DUPLICATE,2026-08-08T09:00:00Z,2026-08-10T10:00:00Z,31100,GBP,ROUTINE,INVOICE
INV-CASE-CREDIT-NOTE,SUP-01,SYNTHETIC-CASE-CREDIT-NOTE,REQ-CASE-CREDIT-NOTE,PO-CASE-CREDIT-NOTE,2026-08-08T09:00:00Z,2026-08-10T10:00:00Z,-12500,GBP,ROUTINE,CREDIT_NOTE
INV-CASE-CURRENCY-MISMATCH,SUP-01,SYNTHETIC-CASE-CURRENCY-MISMATCH,REQ-CASE-CURRENCY-MISMATCH,PO-CASE-CURRENCY-MISMATCH,2026-08-08T09:00:00Z,2026-08-10T10:00:00Z,31050,GBP,ROUTINE,INVOICE
INV-CASE-EMERGENCY,SUP-01,SYNTHETIC-CASE-EMERGENCY,REQ-CASE-EMERGENCY,PO-CASE-EMERGENCY,2026-08-08T09:00:00Z,2026-08-10T10:00:00Z,31050,GBP,EMERGENCY,INVOICE
INV-CASE-EQUAL-RECEIPT,SUP-01,SYNTHETIC-CASE-EQUAL-RECEIPT,REQ-CASE-EQUAL-RECEIPT,PO-CASE-EQUAL-RECEIPT,2026-08-08T09:00:00Z,2026-08-10T10:00:00Z,31050,GBP,ROUTINE,INVOICE
INV-CASE-EXACT-DUPLICATE,SUP-01,SYNTHETIC-CASE-EXACT-DUPLICATE,REQ-CASE-EXACT-DUPLICATE,PO-CASE-EXACT-DUPLICATE,2026-08-08T09:00:00Z,2026-08-10T10:00:00Z,31050,GBP,ROUTINE,INVOICE
INV-CASE-EXACT-DUPLICATE,SUP-01,SYNTHETIC-CASE-EXACT-DUPLICATE,REQ-CASE-EXACT-DUPLICATE,PO-CASE-EXACT-DUPLICATE,2026-08-08T09:00:00Z,2026-08-10T10:00:00Z,31050,GBP,ROUTINE,INVOICE
INV-CASE-FUTURE-REFERENCE,SUP-01,SYNTHETIC-CASE-FUTURE-REFERENCE,REQ-CASE-FUTURE-REFERENCE,,2026-08-08T09:00:00Z,2026-08-10T10:00:00Z,31050,GBP,ROUTINE,INVOICE
INV-CASE-FUTURE-STATE,SUP-01,SYNTHETIC-CASE-FUTURE-STATE,REQ-CASE-FUTURE-STATE,PO-CASE-FUTURE-STATE,2026-08-08T09:00:00Z,2026-08-10T10:00:00Z,31050,GBP,ROUTINE,INVOICE
INV-CASE-LATE-CANCELLATION,SUP-01,SYNTHETIC-CASE-LATE-CANCELLATION,REQ-CASE-LATE-CANCELLATION,PO-CASE-LATE-CANCELLATION,2026-08-08T09:00:00Z,2026-08-10T10:00:00Z,31050,GBP,ROUTINE,INVOICE
INV-CASE-LATE-CREATED,SUP-01,SYNTHETIC-CASE-LATE-CREATED,REQ-CASE-LATE-CREATED,PO-CASE-LATE-CREATED,2026-08-08T09:00:00Z,2026-08-10T10:00:00Z,31050,GBP,ROUTINE,INVOICE
INV-CASE-LATE-RECORDED,SUP-01,SYNTHETIC-CASE-LATE-RECORDED,REQ-CASE-LATE-RECORDED,PO-CASE-LATE-RECORDED,2026-08-08T09:00:00Z,2026-08-10T10:00:00Z,31050,GBP,ROUTINE,INVOICE
INV-CASE-LATER-APPROVAL,SUP-01,SYNTHETIC-CASE-LATER-APPROVAL,REQ-CASE-LATER-APPROVAL,PO-CASE-LATER-APPROVAL,2026-08-08T09:00:00Z,2026-08-10T10:00:00Z,31050,GBP,ROUTINE,INVOICE
INV-CASE-MISSING-REFERENCE,SUP-01,SYNTHETIC-CASE-MISSING-REFERENCE,REQ-CASE-MISSING-REFERENCE,,2026-08-08T09:00:00Z,2026-08-10T10:00:00Z,31050,GBP,ROUTINE,INVOICE
INV-CASE-NO-STATE,SUP-01,SYNTHETIC-CASE-NO-STATE,REQ-CASE-NO-STATE,PO-CASE-NO-STATE,2026-08-08T09:00:00Z,2026-08-10T10:00:00Z,31050,GBP,ROUTINE,INVOICE
INV-CASE-NON-GBP,SUP-01,SYNTHETIC-CASE-NON-GBP,REQ-CASE-NON-GBP,PO-CASE-NON-GBP,2026-08-08T09:00:00Z,2026-08-10T10:00:00Z,31050,USD,ROUTINE,INVOICE
INV-CASE-PO-EXEMPT,SUP-01,SYNTHETIC-CASE-PO-EXEMPT,REQ-CASE-PO-EXEMPT,PO-CASE-PO-EXEMPT,2026-08-08T09:00:00Z,2026-08-10T10:00:00Z,31050,GBP,PO_EXEMPT,INVOICE
INV-CASE-REFERENCE-REPAIR,SUP-01,SYNTHETIC-CASE-REFERENCE-REPAIR,REQ-CASE-REFERENCE-REPAIR,,2026-08-08T09:00:00Z,2026-08-10T10:00:00Z,31050,GBP,ROUTINE,INVOICE
INV-CASE-REOPENED,SUP-01,SYNTHETIC-CASE-REOPENED,REQ-CASE-REOPENED,,2026-08-08T09:00:00Z,2026-08-10T10:00:00Z,31050,GBP,ROUTINE,INVOICE
INV-CASE-SHARED-PO-A,SUP-01,SYNTHETIC-CASE-SHARED-PO-A,REQ-CASE-SHARED-PO,PO-CASE-SHARED-PO,2026-08-08T09:00:00Z,2026-08-10T10:00:00Z,12000,GBP,ROUTINE,INVOICE
INV-CASE-SHARED-PO-B,SUP-01,SYNTHETIC-CASE-SHARED-PO-B,REQ-CASE-SHARED-PO,PO-CASE-SHARED-PO,2026-08-08T09:00:00Z,2026-08-10T10:00:00Z,18000,GBP,ROUTINE,INVOICE
INV-CASE-UNKNOWN-REFERENCE,SUP-01,SYNTHETIC-CASE-UNKNOWN-REFERENCE,REQ-CASE-UNKNOWN-REFERENCE,PO-NOT-IN-REGISTRY,2026-08-08T09:00:00Z,2026-08-10T10:00:00Z,31050,GBP,ROUTINE,INVOICE
INV-CASE-UNKNOWN-REQUEST,SUP-01,SYNTHETIC-CASE-UNKNOWN-REQUEST,REQ-NOT-IN-REGISTRY,PO-CASE-UNKNOWN-REQUEST,2026-08-08T09:00:00Z,2026-08-10T10:00:00Z,31050,GBP,ROUTINE,INVOICE
INV-CASE-UNKNOWN-SUPPLIER,SUP-NOT-IN-REGISTRY,SYNTHETIC-CASE-UNKNOWN-SUPPLIER,REQ-CASE-UNKNOWN-SUPPLIER,PO-CASE-UNKNOWN-SUPPLIER,2026-08-08T09:00:00Z,2026-08-10T10:00:00Z,31050,GBP,ROUTINE,INVOICE
INV-CASE-WRONG-REQUEST,SUP-01,SYNTHETIC-CASE-WRONG-REQUEST,REQ-CASE-ALTERNATIVE-REQUEST,PO-CASE-WRONG-REQUEST,2026-08-08T09:00:00Z,2026-08-10T10:00:00Z,31050,GBP,ROUTINE,INVOICE
INV-CASE-WRONG-SUPPLIER,SUP-02,SYNTHETIC-CASE-WRONG-SUPPLIER,REQ-CASE-WRONG-SUPPLIER,PO-CASE-WRONG-SUPPLIER,2026-08-08T09:00:00Z,2026-08-10T10:00:00Z,31050,GBP,ROUTINE,INVOICE
INV-SYN-001,SUP-05,SYNTHETIC-SYN-001,REQ-SYN-001,PO-SYN-001,2026-08-19T10:00:00Z,2026-08-21T10:00:00Z,431938,GBP,ROUTINE,INVOICE
INV-SYN-002,SUP-06,SYNTHETIC-SYN-002,REQ-SYN-002,PO-SYN-002,2026-08-10T15:00:00Z,2026-08-13T15:00:00Z,310735,GBP,ROUTINE,INVOICE
INV-SYN-003,SUP-06,SYNTHETIC-SYN-003,REQ-SYN-003,PO-SYN-003,2026-08-04T11:00:00Z,2026-08-05T11:00:00Z,177832,GBP,ROUTINE,INVOICE
INV-SYN-004,SUP-03,SYNTHETIC-SYN-004,REQ-SYN-004,PO-SYN-004,2026-08-08T11:00:00Z,2026-08-11T11:00:00Z,147390,GBP,ROUTINE,INVOICE
INV-SYN-005,SUP-04,SYNTHETIC-SYN-005,REQ-SYN-005,PO-SYN-005,2026-08-14T14:00:00Z,2026-08-17T14:00:00Z,83643,GBP,ROUTINE,INVOICE
INV-SYN-006,SUP-04,SYNTHETIC-SYN-006,REQ-SYN-006,PO-SYN-006,2026-08-08T15:00:00Z,2026-08-09T15:00:00Z,199665,GBP,ROUTINE,INVOICE
INV-SYN-007,SUP-05,SYNTHETIC-SYN-007,REQ-SYN-007,PO-SYN-007,2026-08-07T10:00:00Z,2026-08-10T10:00:00Z,288367,GBP,ROUTINE,INVOICE
INV-SYN-008,SUP-04,SYNTHETIC-SYN-008,REQ-SYN-008,,2026-08-09T10:00:00Z,2026-08-10T10:00:00Z,73501,GBP,ROUTINE,INVOICE
INV-SYN-009,SUP-01,SYNTHETIC-SYN-009,REQ-SYN-009,PO-SYN-009,2026-08-06T14:00:00Z,2026-08-07T14:00:00Z,219537,GBP,ROUTINE,INVOICE
INV-SYN-010,SUP-02,SYNTHETIC-SYN-010,REQ-SYN-010,PO-SYN-010,2026-08-10T15:00:00Z,2026-08-12T15:00:00Z,130167,GBP,ROUTINE,INVOICE
INV-SYN-011,SUP-02,SYNTHETIC-SYN-011,REQ-SYN-011,PO-SYN-011,2026-08-11T15:00:00Z,2026-08-12T15:00:00Z,130025,GBP,ROUTINE,INVOICE
INV-SYN-012,SUP-07,SYNTHETIC-SYN-012,REQ-SYN-012,PO-SYN-012,2026-08-13T15:00:00Z,2026-08-14T15:00:00Z,192076,GBP,ROUTINE,INVOICE
INV-SYN-013,SUP-04,SYNTHETIC-SYN-013,REQ-SYN-013,PO-SYN-013,2026-08-13T12:00:00Z,2026-08-15T12:00:00Z,271915,GBP,ROUTINE,INVOICE
INV-SYN-014,SUP-08,SYNTHETIC-SYN-014,REQ-SYN-014,PO-SYN-014,2026-08-02T10:00:00Z,2026-08-04T10:00:00Z,444050,GBP,ROUTINE,INVOICE
INV-SYN-015,SUP-08,SYNTHETIC-SYN-015,REQ-SYN-015,PO-SYN-015,2026-08-10T11:00:00Z,2026-08-12T11:00:00Z,100016,GBP,ROUTINE,INVOICE
INV-SYN-016,SUP-07,SYNTHETIC-SYN-016,REQ-SYN-016,PO-SYN-016,2026-08-06T14:00:00Z,2026-08-09T14:00:00Z,422241,GBP,ROUTINE,INVOICE
INV-SYN-017,SUP-05,SYNTHETIC-SYN-017,REQ-SYN-017,PO-SYN-017,2026-08-05T13:00:00Z,2026-08-08T13:00:00Z,377414,GBP,ROUTINE,INVOICE
INV-SYN-018,SUP-03,SYNTHETIC-SYN-018,REQ-SYN-018,,2026-08-11T12:00:00Z,2026-08-12T12:00:00Z,89282,GBP,ROUTINE,INVOICE
INV-SYN-019,SUP-05,SYNTHETIC-SYN-019,REQ-SYN-019,PO-SYN-019,2026-08-22T15:00:00Z,2026-08-24T15:00:00Z,118977,GBP,ROUTINE,INVOICE
INV-SYN-020,SUP-02,SYNTHETIC-SYN-020,REQ-SYN-020,PO-SYN-020,2026-08-13T14:00:00Z,2026-08-14T14:00:00Z,446167,GBP,ROUTINE,INVOICE
INV-SYN-021,SUP-07,SYNTHETIC-SYN-021,REQ-SYN-021,PO-SYN-021,2026-08-02T10:00:00Z,2026-08-04T10:00:00Z,428164,GBP,ROUTINE,INVOICE
INV-SYN-022,SUP-01,SYNTHETIC-SYN-022,REQ-SYN-022,PO-SYN-022,2026-08-15T11:00:00Z,2026-08-16T11:00:00Z,17891,GBP,ROUTINE,INVOICE
INV-SYN-023,SUP-06,SYNTHETIC-SYN-023,REQ-SYN-023,PO-SYN-023,2026-08-22T14:00:00Z,2026-08-25T14:00:00Z,292609,GBP,ROUTINE,INVOICE
INV-SYN-024,SUP-03,SYNTHETIC-SYN-024,REQ-SYN-024,PO-SYN-024,2026-08-02T10:00:00Z,2026-08-04T10:00:00Z,168503,GBP,ROUTINE,INVOICE
INV-SYN-025,SUP-06,SYNTHETIC-SYN-025,REQ-SYN-025,PO-SYN-025,2026-08-15T12:00:00Z,2026-08-18T12:00:00Z,305948,GBP,ROUTINE,INVOICE
INV-SYN-026,SUP-05,SYNTHETIC-SYN-026,REQ-SYN-026,PO-SYN-026,2026-08-19T12:00:00Z,2026-08-21T12:00:00Z,227420,GBP,ROUTINE,INVOICE
INV-SYN-027,SUP-05,SYNTHETIC-SYN-027,REQ-SYN-027,PO-SYN-027,2026-08-07T10:00:00Z,2026-08-08T10:00:00Z,233282,GBP,ROUTINE,INVOICE
INV-SYN-028,SUP-02,SYNTHETIC-SYN-028,REQ-SYN-028,,2026-08-03T14:00:00Z,2026-08-05T14:00:00Z,349604,GBP,ROUTINE,INVOICE
INV-SYN-029,SUP-04,SYNTHETIC-SYN-029,REQ-SYN-029,PO-SYN-029,2026-08-06T11:00:00Z,2026-08-07T11:00:00Z,438461,GBP,ROUTINE,INVOICE
INV-SYN-030,SUP-01,SYNTHETIC-SYN-030,REQ-SYN-030,PO-SYN-030,2026-08-01T15:00:00Z,2026-08-03T15:00:00Z,134788,GBP,ROUTINE,INVOICE
INV-SYN-031,SUP-01,SYNTHETIC-SYN-031,REQ-SYN-031,PO-SYN-031,2026-07-30T15:00:00Z,2026-08-02T15:00:00Z,18973,GBP,ROUTINE,INVOICE
INV-SYN-032,SUP-03,SYNTHETIC-SYN-032,REQ-SYN-032,PO-SYN-032,2026-08-08T14:00:00Z,2026-08-10T14:00:00Z,82282,GBP,ROUTINE,INVOICE
INV-SYN-033,SUP-06,SYNTHETIC-SYN-033,REQ-SYN-033,PO-SYN-033,2026-08-05T11:00:00Z,2026-08-07T11:00:00Z,323182,GBP,ROUTINE,INVOICE
INV-SYN-034,SUP-02,SYNTHETIC-SYN-034,REQ-SYN-034,PO-SYN-034,2026-08-17T15:00:00Z,2026-08-19T15:00:00Z,97363,GBP,ROUTINE,INVOICE
INV-SYN-035,SUP-02,SYNTHETIC-SYN-035,REQ-SYN-035,PO-SYN-035,2026-08-14T12:00:00Z,2026-08-15T12:00:00Z,409118,GBP,ROUTINE,INVOICE
INV-SYN-036,SUP-04,SYNTHETIC-SYN-036,REQ-SYN-036,PO-SYN-036,2026-08-16T12:00:00Z,2026-08-17T12:00:00Z,205545,GBP,ROUTINE,INVOICE
INV-SYN-037,SUP-05,SYNTHETIC-SYN-037,REQ-SYN-037,PO-SYN-037,2026-08-08T12:00:00Z,2026-08-11T12:00:00Z,264543,GBP,ROUTINE,INVOICE
INV-SYN-038,SUP-08,SYNTHETIC-SYN-038,REQ-SYN-038,,2026-08-17T11:00:00Z,2026-08-20T11:00:00Z,266967,GBP,ROUTINE,INVOICE
INV-SYN-039,SUP-07,SYNTHETIC-SYN-039,REQ-SYN-039,PO-SYN-039,2026-08-09T11:00:00Z,2026-08-11T11:00:00Z,271884,GBP,ROUTINE,INVOICE
INV-SYN-040,SUP-02,SYNTHETIC-SYN-040,REQ-SYN-040,PO-SYN-040,2026-08-14T13:00:00Z,2026-08-16T13:00:00Z,134451,GBP,ROUTINE,INVOICE
INV-SYN-041,SUP-08,SYNTHETIC-SYN-041,REQ-SYN-041,PO-SYN-041,2026-08-12T15:00:00Z,2026-08-13T15:00:00Z,377083,GBP,ROUTINE,INVOICE
INV-SYN-042,SUP-05,SYNTHETIC-SYN-042,REQ-SYN-042,PO-SYN-042,2026-08-15T12:00:00Z,2026-08-18T12:00:00Z,353862,GBP,ROUTINE,INVOICE
INV-SYN-043,SUP-02,SYNTHETIC-SYN-043,REQ-SYN-043,PO-SYN-043,2026-08-16T11:00:00Z,2026-08-18T11:00:00Z,403118,GBP,ROUTINE,INVOICE
INV-SYN-044,SUP-02,SYNTHETIC-SYN-044,REQ-SYN-044,PO-SYN-044,2026-08-19T15:00:00Z,2026-08-20T15:00:00Z,262262,GBP,ROUTINE,INVOICE
INV-SYN-045,SUP-05,SYNTHETIC-SYN-045,REQ-SYN-045,PO-SYN-045,2026-08-09T13:00:00Z,2026-08-12T13:00:00Z,185575,GBP,ROUTINE,INVOICE
INV-SYN-046,SUP-05,SYNTHETIC-SYN-046,REQ-SYN-046,PO-SYN-046,2026-08-06T14:00:00Z,2026-08-08T14:00:00Z,12437,GBP,ROUTINE,INVOICE
INV-SYN-047,SUP-08,SYNTHETIC-SYN-047,REQ-SYN-047,PO-SYN-047,2026-08-19T15:00:00Z,2026-08-21T15:00:00Z,394016,GBP,ROUTINE,INVOICE
INV-SYN-048,SUP-07,SYNTHETIC-SYN-048,REQ-SYN-048,,2026-08-05T11:00:00Z,2026-08-08T11:00:00Z,420299,GBP,ROUTINE,INVOICE
INV-SYN-049,SUP-07,SYNTHETIC-SYN-049,REQ-SYN-049,PO-SYN-049,2026-08-01T10:00:00Z,2026-08-02T10:00:00Z,114492,GBP,ROUTINE,INVOICE
INV-SYN-050,SUP-07,SYNTHETIC-SYN-050,REQ-SYN-050,PO-SYN-050,2026-08-09T13:00:00Z,2026-08-10T13:00:00Z,234266,GBP,ROUTINE,INVOICE
INV-SYN-051,SUP-02,SYNTHETIC-SYN-051,REQ-SYN-051,PO-SYN-051,2026-08-14T13:00:00Z,2026-08-15T13:00:00Z,408674,GBP,ROUTINE,INVOICE
INV-SYN-052,SUP-04,SYNTHETIC-SYN-052,REQ-SYN-052,PO-SYN-052,2026-08-23T15:00:00Z,2026-08-25T15:00:00Z,36117,GBP,ROUTINE,INVOICE
INV-SYN-053,SUP-02,SYNTHETIC-SYN-053,REQ-SYN-053,PO-SYN-053,2026-08-01T10:00:00Z,2026-08-04T10:00:00Z,86851,GBP,ROUTINE,INVOICE
INV-SYN-054,SUP-06,SYNTHETIC-SYN-054,REQ-SYN-054,PO-SYN-054,2026-08-14T14:00:00Z,2026-08-15T14:00:00Z,198159,GBP,ROUTINE,INVOICE
INV-SYN-055,SUP-02,SYNTHETIC-SYN-055,REQ-SYN-055,PO-SYN-055,2026-08-17T11:00:00Z,2026-08-19T11:00:00Z,77784,GBP,ROUTINE,INVOICE
INV-SYN-056,SUP-08,SYNTHETIC-SYN-056,REQ-SYN-056,PO-SYN-056,2026-08-18T10:00:00Z,2026-08-19T10:00:00Z,81483,GBP,ROUTINE,INVOICE
INV-SYN-057,SUP-02,SYNTHETIC-SYN-057,REQ-SYN-057,PO-SYN-057,2026-08-02T13:00:00Z,2026-08-05T13:00:00Z,409367,GBP,ROUTINE,INVOICE
INV-SYN-058,SUP-05,SYNTHETIC-SYN-058,REQ-SYN-058,,2026-08-17T12:00:00Z,2026-08-19T12:00:00Z,87415,GBP,ROUTINE,INVOICE
INV-SYN-059,SUP-04,SYNTHETIC-SYN-059,REQ-SYN-059,PO-SYN-059,2026-08-21T10:00:00Z,2026-08-24T10:00:00Z,335695,GBP,ROUTINE,INVOICE
INV-SYN-060,SUP-01,SYNTHETIC-SYN-060,REQ-SYN-060,PO-SYN-060,2026-08-20T14:00:00Z,2026-08-23T14:00:00Z,88871,GBP,ROUTINE,INVOICE
