invoice_id,dataset_kind,scope,exclusion_reason,supplier_id,supplier_invoice_no,request_id,received_at,issued_at,amount_minor,currency,category,document_type,original_po_id,current_po_id,arrival_status,arrival_reason,arrival_reason_detail,arrival_evidence_ids,current_status,current_reason,current_reason_detail,current_evidence_ids,case_state,case_reason,case_evidence_ids,po_condition_cleared,owner_request_id,department_id,owner_role,routing,proposed_action,invoice_age_days,review_required
INV-CASE-ABSENT-OWNER,SYNTHETIC,ELIGIBLE,,SUP-01,SYNTHETIC-CASE-ABSENT-OWNER,REQ-CASE-ABSENT-OWNER,2026-08-10T10:00:00.000000Z,2026-08-08T09:00:00.000000Z,31050,GBP,ROUTINE,INVOICE,PO-CASE-ABSENT-OWNER,PO-CASE-ABSENT-OWNER,EXCEPTION,PO_NOT_APPROVED,"The latest eligible PO state is CREATED, without an effective approval.",invoice:INV-CASE-ABSENT-OWNER;po:PO-CASE-ABSENT-OWNER;po_event:PE-CASE-ABSENT-OWNER-01;request:REQ-CASE-ABSENT-OWNER;supplier:SUP-01,EXCEPTION,PO_NOT_APPROVED,"The latest eligible PO state is CREATED, without an effective approval.",invoice:INV-CASE-ABSENT-OWNER;po:PO-CASE-ABSENT-OWNER;po_event:PE-CASE-ABSENT-OWNER-01;request:REQ-CASE-ABSENT-OWNER;supplier:SUP-01,OPEN,OPEN_AT_RECEIPT,invoice:INV-CASE-ABSENT-OWNER,0,REQ-CASE-ABSENT-OWNER,DEPT-04,,AP_TRIAGE,AP triage: establish and confirm the responsible department role first. Then ask the department buyer to review the PO approval evidence and required approval process.,21.333333333333332,1
INV-CASE-AFTER-CUTOFF,SYNTHETIC,OUT_OF_SCOPE,AFTER_REPORT_CUTOFF,SUP-01,SYNTHETIC-CASE-AFTER-CUTOFF,REQ-CASE-AFTER-CUTOFF,2026-08-31T20:00:00.000000Z,2026-08-30T09:00:00.000000Z,31050,GBP,ROUTINE,INVOICE,PO-CASE-AFTER-CUTOFF,PO-CASE-AFTER-CUTOFF,EXCLUDED,AFTER_REPORT_CUTOFF,Outside the declared analysis cohort or supported invoice scope.,invoice:INV-CASE-AFTER-CUTOFF,EXCLUDED,AFTER_REPORT_CUTOFF,Outside the declared analysis cohort or supported invoice scope.,invoice:INV-CASE-AFTER-CUTOFF,NOT_ASSESSED,AFTER_REPORT_CUTOFF,,0,REQ-CASE-AFTER-CUTOFF,DEPT-01,WORKPLACE_BUYER,WORKPLACE_BUYER,Outside review scope.,,0
INV-CASE-AMBIGUOUS-REFERENCE,SYNTHETIC,ELIGIBLE,,SUP-01,SYNTHETIC-CASE-AMBIGUOUS-REFERENCE,REQ-CASE-AMBIGUOUS-REFERENCE,2026-08-10T10:00:00.000000Z,2026-08-08T09:00:00.000000Z,31050,GBP,ROUTINE,INVOICE,PO-CASE-AMBIGUOUS-REFERENCE,,READY,READY,"PO header identity, currency and approval evidence satisfy the declared rules.",invoice:INV-CASE-AMBIGUOUS-REFERENCE;po:PO-CASE-AMBIGUOUS-REFERENCE;po_event:PE-CASE-AMBIGUOUS-REFERENCE-02;request:REQ-CASE-AMBIGUOUS-REFERENCE;supplier:SUP-01,UNKNOWN,AMBIGUOUS_CURRENT_REFERENCE,Different reference confirmations share the latest eligible effective timestamp.,case_event:CE-AMBIGUOUS-REFERENCE-A;case_event:CE-AMBIGUOUS-REFERENCE-B;invoice:INV-CASE-AMBIGUOUS-REFERENCE,OPEN,OPEN_AT_RECEIPT,invoice:INV-CASE-AMBIGUOUS-REFERENCE,0,REQ-CASE-AMBIGUOUS-REFERENCE,DEPT-01,WORKPLACE_BUYER,AP_DATA_INVESTIGATION,"AP data investigation: reconcile the missing, invalid or ambiguous evidence identified by the reason and evidence IDs.",21.333333333333332,1
INV-CASE-AMBIGUOUS-STATE,SYNTHETIC,ELIGIBLE,,SUP-01,SYNTHETIC-CASE-AMBIGUOUS-STATE,REQ-CASE-AMBIGUOUS-STATE,2026-08-10T10:00:00.000000Z,2026-08-08T09:00:00.000000Z,31050,GBP,ROUTINE,INVOICE,PO-CASE-AMBIGUOUS-STATE,PO-CASE-AMBIGUOUS-STATE,UNKNOWN,AMBIGUOUS_PO_STATE,Different PO states share the latest eligible effective timestamp.,invoice:INV-CASE-AMBIGUOUS-STATE;po:PO-CASE-AMBIGUOUS-STATE;po_event:PE-CASE-AMBIGUOUS-STATE-02;po_event:PE-CASE-AMBIGUOUS-STATE-03;request:REQ-CASE-AMBIGUOUS-STATE;supplier:SUP-01,UNKNOWN,AMBIGUOUS_PO_STATE,Different PO states share the latest eligible effective timestamp.,invoice:INV-CASE-AMBIGUOUS-STATE;po:PO-CASE-AMBIGUOUS-STATE;po_event:PE-CASE-AMBIGUOUS-STATE-02;po_event:PE-CASE-AMBIGUOUS-STATE-03;request:REQ-CASE-AMBIGUOUS-STATE;supplier:SUP-01,OPEN,OPEN_AT_RECEIPT,invoice:INV-CASE-AMBIGUOUS-STATE,0,REQ-CASE-AMBIGUOUS-STATE,DEPT-01,WORKPLACE_BUYER,AP_DATA_INVESTIGATION,"AP data investigation: reconcile the missing, invalid or ambiguous evidence identified by the reason and evidence IDs.",21.333333333333332,1
INV-CASE-BAD-CASE-HISTORY,SYNTHETIC,ELIGIBLE,,SUP-01,SYNTHETIC-CASE-BAD-CASE-HISTORY,REQ-CASE-BAD-CASE-HISTORY,2026-08-10T10:00:00.000000Z,2026-08-08T09:00:00.000000Z,31050,GBP,ROUTINE,INVOICE,PO-CASE-BAD-CASE-HISTORY,PO-CASE-BAD-CASE-HISTORY,UNKNOWN,INVALID_CASE_HISTORY,Validation identified invalid invoice case history; its effect is unresolved.,invoice:INV-CASE-BAD-CASE-HISTORY,UNKNOWN,INVALID_CASE_HISTORY,Validation identified invalid invoice case history; its effect is unresolved.,invoice:INV-CASE-BAD-CASE-HISTORY,UNKNOWN,INVALID_CASE_HISTORY,invoice:INV-CASE-BAD-CASE-HISTORY,0,REQ-CASE-BAD-CASE-HISTORY,DEPT-01,WORKPLACE_BUYER,AP_DATA_INVESTIGATION,AP data investigation: reconcile case event history before deciding whether the case is open or closed.,21.333333333333332,1
INV-CASE-BAD-PO-HISTORY,SYNTHETIC,ELIGIBLE,,SUP-01,SYNTHETIC-CASE-BAD-PO-HISTORY,REQ-CASE-BAD-PO-HISTORY,2026-08-10T10:00:00.000000Z,2026-08-08T09:00:00.000000Z,31050,GBP,ROUTINE,INVOICE,PO-CASE-BAD-PO-HISTORY,PO-CASE-BAD-PO-HISTORY,UNKNOWN,INVALID_PO_HISTORY,Validation identified invalid history for this PO; discarding it cannot establish state.,invoice:INV-CASE-BAD-PO-HISTORY;po:PO-CASE-BAD-PO-HISTORY,UNKNOWN,INVALID_PO_HISTORY,Validation identified invalid history for this PO; discarding it cannot establish state.,invoice:INV-CASE-BAD-PO-HISTORY;po:PO-CASE-BAD-PO-HISTORY,OPEN,OPEN_AT_RECEIPT,invoice:INV-CASE-BAD-PO-HISTORY,0,REQ-CASE-BAD-PO-HISTORY,DEPT-01,WORKPLACE_BUYER,AP_DATA_INVESTIGATION,"AP data investigation: reconcile the missing, invalid or ambiguous evidence identified by the reason and evidence IDs.",21.333333333333332,1
INV-CASE-BEFORE-COHORT,SYNTHETIC,OUT_OF_SCOPE,BEFORE_COHORT_START,SUP-01,SYNTHETIC-CASE-BEFORE-COHORT,REQ-CASE-BEFORE-COHORT,2026-07-30T10:00:00.000000Z,2026-07-28T09:00:00.000000Z,31050,GBP,ROUTINE,INVOICE,PO-CASE-BEFORE-COHORT,PO-CASE-BEFORE-COHORT,EXCLUDED,BEFORE_COHORT_START,Outside the declared analysis cohort or supported invoice scope.,invoice:INV-CASE-BEFORE-COHORT,EXCLUDED,BEFORE_COHORT_START,Outside the declared analysis cohort or supported invoice scope.,invoice:INV-CASE-BEFORE-COHORT,NOT_ASSESSED,BEFORE_COHORT_START,,0,REQ-CASE-BEFORE-COHORT,DEPT-01,WORKPLACE_BUYER,WORKPLACE_BUYER,Outside review scope.,32.333333333333336,0
INV-CASE-CAPITAL,SYNTHETIC,OUT_OF_SCOPE,CATEGORY_CAPITAL,SUP-01,SYNTHETIC-CASE-CAPITAL,REQ-CASE-CAPITAL,2026-08-10T10:00:00.000000Z,2026-08-08T09:00:00.000000Z,31050,GBP,CAPITAL,INVOICE,PO-CASE-CAPITAL,PO-CASE-CAPITAL,EXCLUDED,CATEGORY_CAPITAL,Outside the declared analysis cohort or supported invoice scope.,invoice:INV-CASE-CAPITAL,EXCLUDED,CATEGORY_CAPITAL,Outside the declared analysis cohort or supported invoice scope.,invoice:INV-CASE-CAPITAL,NOT_ASSESSED,CATEGORY_CAPITAL,,0,REQ-CASE-CAPITAL,DEPT-01,WORKPLACE_BUYER,WORKPLACE_BUYER,Outside review scope.,21.333333333333332,0
INV-CASE-CLEANUP,SYNTHETIC,ELIGIBLE,,SUP-01,SYNTHETIC-CASE-CLEANUP,REQ-CASE-CLEANUP,2026-08-10T10:00:00.000000Z,2026-08-08T09:00:00.000000Z,31050,GBP,ROUTINE,INVOICE,PO-CASE-CLEANUP,PO-CASE-CLEANUP,READY,READY,"PO header identity, currency and approval evidence satisfy the declared rules.",invoice:INV-CASE-CLEANUP;po:PO-CASE-CLEANUP;po_event:PE-CASE-CLEANUP-02;request:REQ-CASE-CLEANUP;supplier:SUP-01,READY,READY,"PO header identity, currency and approval evidence satisfy the declared rules.",invoice:INV-CASE-CLEANUP;po:PO-CASE-CLEANUP;po_event:PE-CASE-CLEANUP-02;request:REQ-CASE-CLEANUP;supplier:SUP-01,OPEN,OPEN_AT_RECEIPT,invoice:INV-CASE-CLEANUP,0,REQ-CASE-CLEANUP,DEPT-01,WORKPLACE_BUYER,WORKPLACE_BUYER,AP processor to review case disposition; PO header readiness alone does not authorise payment.,21.333333333333332,0
INV-CASE-CLOSED,SYNTHETIC,ELIGIBLE,,SUP-01,SYNTHETIC-CASE-CLOSED,REQ-CASE-CLOSED,2026-08-10T10:00:00.000000Z,2026-08-08T09:00:00.000000Z,31050,GBP,ROUTINE,INVOICE,,,EXCEPTION,MISSING_PO_REFERENCE,No PO reference is supplied; this does not prove that no other PO exists.,invoice:INV-CASE-CLOSED,EXCEPTION,MISSING_PO_REFERENCE,No PO reference is supplied; this does not prove that no other PO exists.,invoice:INV-CASE-CLOSED,CLOSED,EXPLICIT_CASE_CLOSED,case_event:CE-CASE-CLOSED-CLOSE;invoice:INV-CASE-CLOSED,0,REQ-CASE-CLOSED,DEPT-01,WORKPLACE_BUYER,WORKPLACE_BUYER,AP case is explicitly closed in source history; payment status remains unassessed.,21.333333333333332,0
INV-CASE-CLOSED-PO,SYNTHETIC,ELIGIBLE,,SUP-01,SYNTHETIC-CASE-CLOSED-PO,REQ-CASE-CLOSED-PO,2026-08-10T10:00:00.000000Z,2026-08-08T09:00:00.000000Z,31050,GBP,ROUTINE,INVOICE,PO-CASE-CLOSED-PO,PO-CASE-CLOSED-PO,EXCEPTION,PO_CLOSED,The latest eligible PO state is CLOSED and requires human review.,invoice:INV-CASE-CLOSED-PO;po:PO-CASE-CLOSED-PO;po_event:PE-CASE-CLOSED-PO-03;request:REQ-CASE-CLOSED-PO;supplier:SUP-01,EXCEPTION,PO_CLOSED,The latest eligible PO state is CLOSED and requires human review.,invoice:INV-CASE-CLOSED-PO;po:PO-CASE-CLOSED-PO;po_event:PE-CASE-CLOSED-PO-03;request:REQ-CASE-CLOSED-PO;supplier:SUP-01,OPEN,OPEN_AT_RECEIPT,invoice:INV-CASE-CLOSED-PO,0,REQ-CASE-CLOSED-PO,DEPT-01,WORKPLACE_BUYER,WORKPLACE_BUYER,Ask the department buyer to review the closed PO and the invoice's intended order reference.,21.333333333333332,1
INV-CASE-COMMERCIAL-COLLISION-A,SYNTHETIC,ELIGIBLE,,SUP-01,SYNTHETIC-SHARED-COMMERCIAL-REFERENCE,REQ-CASE-COMMERCIAL-COLLISION-A,2026-08-10T10:00:00.000000Z,2026-08-08T09:00:00.000000Z,31050,GBP,ROUTINE,INVOICE,PO-CASE-COMMERCIAL-COLLISION-A,PO-CASE-COMMERCIAL-COLLISION-A,UNKNOWN,COMMERCIAL_DOCUMENT_COLLISION,Multiple invoice records share the supplier and commercial document number.,invoice:INV-CASE-COMMERCIAL-COLLISION-A,UNKNOWN,COMMERCIAL_DOCUMENT_COLLISION,Multiple invoice records share the supplier and commercial document number.,invoice:INV-CASE-COMMERCIAL-COLLISION-A,OPEN,OPEN_AT_RECEIPT,invoice:INV-CASE-COMMERCIAL-COLLISION-A,0,REQ-CASE-COMMERCIAL-COLLISION-A,DEPT-01,WORKPLACE_BUYER,AP_DATA_INVESTIGATION,Investigate the shared supplier/document number without merging or paying either record automatically.,21.333333333333332,1
INV-CASE-COMMERCIAL-COLLISION-B,SYNTHETIC,ELIGIBLE,,SUP-01,SYNTHETIC-SHARED-COMMERCIAL-REFERENCE,REQ-CASE-COMMERCIAL-COLLISION-B,2026-08-10T10:00:00.000000Z,2026-08-08T09:00:00.000000Z,31050,GBP,ROUTINE,INVOICE,PO-CASE-COMMERCIAL-COLLISION-B,PO-CASE-COMMERCIAL-COLLISION-B,UNKNOWN,COMMERCIAL_DOCUMENT_COLLISION,Multiple invoice records share the supplier and commercial document number.,invoice:INV-CASE-COMMERCIAL-COLLISION-B,UNKNOWN,COMMERCIAL_DOCUMENT_COLLISION,Multiple invoice records share the supplier and commercial document number.,invoice:INV-CASE-COMMERCIAL-COLLISION-B,OPEN,OPEN_AT_RECEIPT,invoice:INV-CASE-COMMERCIAL-COLLISION-B,0,REQ-CASE-COMMERCIAL-COLLISION-B,DEPT-01,WORKPLACE_BUYER,AP_DATA_INVESTIGATION,Investigate the shared supplier/document number without merging or paying either record automatically.,21.333333333333332,1
INV-CASE-CREDIT-NOTE,SYNTHETIC,OUT_OF_SCOPE,CREDIT_NOTE,SUP-01,SYNTHETIC-CASE-CREDIT-NOTE,REQ-CASE-CREDIT-NOTE,2026-08-10T10:00:00.000000Z,2026-08-08T09:00:00.000000Z,-12500,GBP,ROUTINE,CREDIT_NOTE,PO-CASE-CREDIT-NOTE,PO-CASE-CREDIT-NOTE,EXCLUDED,CREDIT_NOTE,Outside the declared analysis cohort or supported invoice scope.,invoice:INV-CASE-CREDIT-NOTE,EXCLUDED,CREDIT_NOTE,Outside the declared analysis cohort or supported invoice scope.,invoice:INV-CASE-CREDIT-NOTE,NOT_ASSESSED,CREDIT_NOTE,,0,REQ-CASE-CREDIT-NOTE,DEPT-01,WORKPLACE_BUYER,WORKPLACE_BUYER,Outside review scope.,21.333333333333332,0
INV-CASE-CURRENCY-MISMATCH,SYNTHETIC,ELIGIBLE,,SUP-01,SYNTHETIC-CASE-CURRENCY-MISMATCH,REQ-CASE-CURRENCY-MISMATCH,2026-08-10T10:00:00.000000Z,2026-08-08T09:00:00.000000Z,31050,GBP,ROUTINE,INVOICE,PO-CASE-CURRENCY-MISMATCH,PO-CASE-CURRENCY-MISMATCH,EXCEPTION,CURRENCY_MISMATCH,Invoice and PO currencies differ.,invoice:INV-CASE-CURRENCY-MISMATCH;po:PO-CASE-CURRENCY-MISMATCH;request:REQ-CASE-CURRENCY-MISMATCH;supplier:SUP-01,EXCEPTION,CURRENCY_MISMATCH,Invoice and PO currencies differ.,invoice:INV-CASE-CURRENCY-MISMATCH;po:PO-CASE-CURRENCY-MISMATCH;request:REQ-CASE-CURRENCY-MISMATCH;supplier:SUP-01,OPEN,OPEN_AT_RECEIPT,invoice:INV-CASE-CURRENCY-MISMATCH,0,REQ-CASE-CURRENCY-MISMATCH,DEPT-01,WORKPLACE_BUYER,WORKPLACE_BUYER,Resolve the invoice and PO currency mismatch with the department buyer.,21.333333333333332,1
INV-CASE-EMERGENCY,SYNTHETIC,OUT_OF_SCOPE,CATEGORY_EMERGENCY,SUP-01,SYNTHETIC-CASE-EMERGENCY,REQ-CASE-EMERGENCY,2026-08-10T10:00:00.000000Z,2026-08-08T09:00:00.000000Z,31050,GBP,EMERGENCY,INVOICE,PO-CASE-EMERGENCY,PO-CASE-EMERGENCY,EXCLUDED,CATEGORY_EMERGENCY,Outside the declared analysis cohort or supported invoice scope.,invoice:INV-CASE-EMERGENCY,EXCLUDED,CATEGORY_EMERGENCY,Outside the declared analysis cohort or supported invoice scope.,invoice:INV-CASE-EMERGENCY,NOT_ASSESSED,CATEGORY_EMERGENCY,,0,REQ-CASE-EMERGENCY,DEPT-01,WORKPLACE_BUYER,WORKPLACE_BUYER,Outside review scope.,21.333333333333332,0
INV-CASE-EQUAL-RECEIPT,SYNTHETIC,ELIGIBLE,,SUP-01,SYNTHETIC-CASE-EQUAL-RECEIPT,REQ-CASE-EQUAL-RECEIPT,2026-08-10T10:00:00.000000Z,2026-08-08T09:00:00.000000Z,31050,GBP,ROUTINE,INVOICE,PO-CASE-EQUAL-RECEIPT,PO-CASE-EQUAL-RECEIPT,UNKNOWN,STATE_AT_RECEIPT,A PO state transition coincides exactly with receipt; cross-system order is unknown.,invoice:INV-CASE-EQUAL-RECEIPT;po:PO-CASE-EQUAL-RECEIPT;po_event:PE-CASE-EQUAL-RECEIPT-02;request:REQ-CASE-EQUAL-RECEIPT;supplier:SUP-01,READY,READY,"PO header identity, currency and approval evidence satisfy the declared rules.",invoice:INV-CASE-EQUAL-RECEIPT;po:PO-CASE-EQUAL-RECEIPT;po_event:PE-CASE-EQUAL-RECEIPT-02;request:REQ-CASE-EQUAL-RECEIPT;supplier:SUP-01,OPEN,OPEN_AT_RECEIPT,invoice:INV-CASE-EQUAL-RECEIPT,0,REQ-CASE-EQUAL-RECEIPT,DEPT-01,WORKPLACE_BUYER,WORKPLACE_BUYER,AP processor to review case disposition; PO header readiness alone does not authorise payment.,21.333333333333332,0
INV-CASE-EXACT-DUPLICATE,SYNTHETIC,ELIGIBLE,,SUP-01,SYNTHETIC-CASE-EXACT-DUPLICATE,REQ-CASE-EXACT-DUPLICATE,2026-08-10T10:00:00.000000Z,2026-08-08T09:00:00.000000Z,31050,GBP,ROUTINE,INVOICE,PO-CASE-EXACT-DUPLICATE,PO-CASE-EXACT-DUPLICATE,READY,READY,"PO header identity, currency and approval evidence satisfy the declared rules.",invoice:INV-CASE-EXACT-DUPLICATE;po:PO-CASE-EXACT-DUPLICATE;po_event:PE-CASE-EXACT-DUPLICATE-02;request:REQ-CASE-EXACT-DUPLICATE;supplier:SUP-01,READY,READY,"PO header identity, currency and approval evidence satisfy the declared rules.",invoice:INV-CASE-EXACT-DUPLICATE;po:PO-CASE-EXACT-DUPLICATE;po_event:PE-CASE-EXACT-DUPLICATE-02;request:REQ-CASE-EXACT-DUPLICATE;supplier:SUP-01,OPEN,OPEN_AT_RECEIPT,invoice:INV-CASE-EXACT-DUPLICATE,0,REQ-CASE-EXACT-DUPLICATE,DEPT-01,WORKPLACE_BUYER,WORKPLACE_BUYER,AP processor to review case disposition; PO header readiness alone does not authorise payment.,21.333333333333332,0
INV-CASE-FUTURE-REFERENCE,SYNTHETIC,ELIGIBLE,,SUP-01,SYNTHETIC-CASE-FUTURE-REFERENCE,REQ-CASE-FUTURE-REFERENCE,2026-08-10T10:00:00.000000Z,2026-08-08T09:00:00.000000Z,31050,GBP,ROUTINE,INVOICE,,,EXCEPTION,MISSING_PO_REFERENCE,No PO reference is supplied; this does not prove that no other PO exists.,invoice:INV-CASE-FUTURE-REFERENCE,EXCEPTION,MISSING_PO_REFERENCE,No PO reference is supplied; this does not prove that no other PO exists.,invoice:INV-CASE-FUTURE-REFERENCE,OPEN,OPEN_AT_RECEIPT,invoice:INV-CASE-FUTURE-REFERENCE,0,REQ-CASE-FUTURE-REFERENCE,DEPT-01,WORKPLACE_BUYER,WORKPLACE_BUYER,Ask the responsible department to identify and confirm the invoice's PO reference.,21.333333333333332,1
INV-CASE-FUTURE-STATE,SYNTHETIC,ELIGIBLE,,SUP-01,SYNTHETIC-CASE-FUTURE-STATE,REQ-CASE-FUTURE-STATE,2026-08-10T10:00:00.000000Z,2026-08-08T09:00:00.000000Z,31050,GBP,ROUTINE,INVOICE,PO-CASE-FUTURE-STATE,PO-CASE-FUTURE-STATE,READY,READY,"PO header identity, currency and approval evidence satisfy the declared rules.",invoice:INV-CASE-FUTURE-STATE;po:PO-CASE-FUTURE-STATE;po_event:PE-CASE-FUTURE-STATE-02;request:REQ-CASE-FUTURE-STATE;supplier:SUP-01,READY,READY,"PO header identity, currency and approval evidence satisfy the declared rules.",invoice:INV-CASE-FUTURE-STATE;po:PO-CASE-FUTURE-STATE;po_event:PE-CASE-FUTURE-STATE-02;request:REQ-CASE-FUTURE-STATE;supplier:SUP-01,OPEN,OPEN_AT_RECEIPT,invoice:INV-CASE-FUTURE-STATE,0,REQ-CASE-FUTURE-STATE,DEPT-01,WORKPLACE_BUYER,WORKPLACE_BUYER,AP processor to review case disposition; PO header readiness alone does not authorise payment.,21.333333333333332,0
INV-CASE-LATE-CANCELLATION,SYNTHETIC,ELIGIBLE,,SUP-01,SYNTHETIC-CASE-LATE-CANCELLATION,REQ-CASE-LATE-CANCELLATION,2026-08-10T10:00:00.000000Z,2026-08-08T09:00:00.000000Z,31050,GBP,ROUTINE,INVOICE,PO-CASE-LATE-CANCELLATION,PO-CASE-LATE-CANCELLATION,UNKNOWN,LATE_RECORDED_PO_STATE,"A pre-receipt state event was recorded after receipt, so arrival state cannot be backfilled.",invoice:INV-CASE-LATE-CANCELLATION;po:PO-CASE-LATE-CANCELLATION;po_event:PE-CASE-LATE-CANCELLATION-03;request:REQ-CASE-LATE-CANCELLATION;supplier:SUP-01,EXCEPTION,PO_CANCELLED,The latest eligible PO state is CANCELLED and requires human review.,invoice:INV-CASE-LATE-CANCELLATION;po:PO-CASE-LATE-CANCELLATION;po_event:PE-CASE-LATE-CANCELLATION-03;request:REQ-CASE-LATE-CANCELLATION;supplier:SUP-01,OPEN,OPEN_AT_RECEIPT,invoice:INV-CASE-LATE-CANCELLATION,0,REQ-CASE-LATE-CANCELLATION,DEPT-01,WORKPLACE_BUYER,WORKPLACE_BUYER,Ask the department buyer to review the cancelled PO and establish the correct order evidence.,21.333333333333332,1
INV-CASE-LATE-CREATED,SYNTHETIC,ELIGIBLE,,SUP-01,SYNTHETIC-CASE-LATE-CREATED,REQ-CASE-LATE-CREATED,2026-08-10T10:00:00.000000Z,2026-08-08T09:00:00.000000Z,31050,GBP,ROUTINE,INVOICE,PO-CASE-LATE-CREATED,PO-CASE-LATE-CREATED,EXCEPTION,PO_CREATED_AFTER_RECEIPT,The referenced PO was created after invoice receipt.,invoice:INV-CASE-LATE-CREATED;po:PO-CASE-LATE-CREATED;request:REQ-CASE-LATE-CREATED;supplier:SUP-01,READY,READY,"PO header identity, currency and approval evidence satisfy the declared rules.",invoice:INV-CASE-LATE-CREATED;po:PO-CASE-LATE-CREATED;po_event:PE-CASE-LATE-CREATED-02;request:REQ-CASE-LATE-CREATED;supplier:SUP-01,OPEN,OPEN_AT_RECEIPT,invoice:INV-CASE-LATE-CREATED,1,REQ-CASE-LATE-CREATED,DEPT-01,WORKPLACE_BUYER,WORKPLACE_BUYER,AP processor to review case disposition; PO header readiness alone does not authorise payment.,21.333333333333332,0
INV-CASE-LATE-RECORDED,SYNTHETIC,ELIGIBLE,,SUP-01,SYNTHETIC-CASE-LATE-RECORDED,REQ-CASE-LATE-RECORDED,2026-08-10T10:00:00.000000Z,2026-08-08T09:00:00.000000Z,31050,GBP,ROUTINE,INVOICE,PO-CASE-LATE-RECORDED,PO-CASE-LATE-RECORDED,UNKNOWN,LATE_RECORDED_PO_STATE,"A pre-receipt state event was recorded after receipt, so arrival state cannot be backfilled.",invoice:INV-CASE-LATE-RECORDED;po:PO-CASE-LATE-RECORDED;po_event:PE-CASE-LATE-RECORDED-02;request:REQ-CASE-LATE-RECORDED;supplier:SUP-01,READY,READY,"PO header identity, currency and approval evidence satisfy the declared rules.",invoice:INV-CASE-LATE-RECORDED;po:PO-CASE-LATE-RECORDED;po_event:PE-CASE-LATE-RECORDED-02;request:REQ-CASE-LATE-RECORDED;supplier:SUP-01,OPEN,OPEN_AT_RECEIPT,invoice:INV-CASE-LATE-RECORDED,0,REQ-CASE-LATE-RECORDED,DEPT-01,WORKPLACE_BUYER,WORKPLACE_BUYER,AP processor to review case disposition; PO header readiness alone does not authorise payment.,21.333333333333332,0
INV-CASE-LATER-APPROVAL,SYNTHETIC,ELIGIBLE,,SUP-01,SYNTHETIC-CASE-LATER-APPROVAL,REQ-CASE-LATER-APPROVAL,2026-08-10T10:00:00.000000Z,2026-08-08T09:00:00.000000Z,31050,GBP,ROUTINE,INVOICE,PO-CASE-LATER-APPROVAL,PO-CASE-LATER-APPROVAL,EXCEPTION,PO_NOT_APPROVED,"The latest eligible PO state is CREATED, without an effective approval.",invoice:INV-CASE-LATER-APPROVAL;po:PO-CASE-LATER-APPROVAL;po_event:PE-CASE-LATER-APPROVAL-01;request:REQ-CASE-LATER-APPROVAL;supplier:SUP-01,READY,READY,"PO header identity, currency and approval evidence satisfy the declared rules.",invoice:INV-CASE-LATER-APPROVAL;po:PO-CASE-LATER-APPROVAL;po_event:PE-CASE-LATER-APPROVAL-02;request:REQ-CASE-LATER-APPROVAL;supplier:SUP-01,OPEN,OPEN_AT_RECEIPT,invoice:INV-CASE-LATER-APPROVAL,1,REQ-CASE-LATER-APPROVAL,DEPT-01,WORKPLACE_BUYER,WORKPLACE_BUYER,AP processor to review case disposition; PO header readiness alone does not authorise payment.,21.333333333333332,0
INV-CASE-MISSING-REFERENCE,SYNTHETIC,ELIGIBLE,,SUP-01,SYNTHETIC-CASE-MISSING-REFERENCE,REQ-CASE-MISSING-REFERENCE,2026-08-10T10:00:00.000000Z,2026-08-08T09:00:00.000000Z,31050,GBP,ROUTINE,INVOICE,,,EXCEPTION,MISSING_PO_REFERENCE,No PO reference is supplied; this does not prove that no other PO exists.,invoice:INV-CASE-MISSING-REFERENCE,EXCEPTION,MISSING_PO_REFERENCE,No PO reference is supplied; this does not prove that no other PO exists.,invoice:INV-CASE-MISSING-REFERENCE,OPEN,OPEN_AT_RECEIPT,invoice:INV-CASE-MISSING-REFERENCE,0,REQ-CASE-MISSING-REFERENCE,DEPT-01,WORKPLACE_BUYER,WORKPLACE_BUYER,Ask the responsible department to identify and confirm the invoice's PO reference.,21.333333333333332,1
INV-CASE-NO-STATE,SYNTHETIC,ELIGIBLE,,SUP-01,SYNTHETIC-CASE-NO-STATE,REQ-CASE-NO-STATE,2026-08-10T10:00:00.000000Z,2026-08-08T09:00:00.000000Z,31050,GBP,ROUTINE,INVOICE,PO-CASE-NO-STATE,PO-CASE-NO-STATE,UNKNOWN,NO_PO_STATE_HISTORY,No eligible state evidence is available for the existing PO.,invoice:INV-CASE-NO-STATE;po:PO-CASE-NO-STATE;request:REQ-CASE-NO-STATE;supplier:SUP-01,UNKNOWN,NO_PO_STATE_HISTORY,No eligible state evidence is available for the existing PO.,invoice:INV-CASE-NO-STATE;po:PO-CASE-NO-STATE;request:REQ-CASE-NO-STATE;supplier:SUP-01,OPEN,OPEN_AT_RECEIPT,invoice:INV-CASE-NO-STATE,0,REQ-CASE-NO-STATE,DEPT-01,WORKPLACE_BUYER,AP_DATA_INVESTIGATION,"AP data investigation: reconcile the missing, invalid or ambiguous evidence identified by the reason and evidence IDs.",21.333333333333332,1
INV-CASE-NON-GBP,SYNTHETIC,OUT_OF_SCOPE,UNSUPPORTED_CURRENCY,SUP-01,SYNTHETIC-CASE-NON-GBP,REQ-CASE-NON-GBP,2026-08-10T10:00:00.000000Z,2026-08-08T09:00:00.000000Z,31050,USD,ROUTINE,INVOICE,PO-CASE-NON-GBP,PO-CASE-NON-GBP,EXCLUDED,UNSUPPORTED_CURRENCY,Outside the declared analysis cohort or supported invoice scope.,invoice:INV-CASE-NON-GBP,EXCLUDED,UNSUPPORTED_CURRENCY,Outside the declared analysis cohort or supported invoice scope.,invoice:INV-CASE-NON-GBP,NOT_ASSESSED,UNSUPPORTED_CURRENCY,,0,REQ-CASE-NON-GBP,DEPT-01,WORKPLACE_BUYER,WORKPLACE_BUYER,Outside review scope.,21.333333333333332,0
INV-CASE-PO-EXEMPT,SYNTHETIC,OUT_OF_SCOPE,CATEGORY_PO_EXEMPT,SUP-01,SYNTHETIC-CASE-PO-EXEMPT,REQ-CASE-PO-EXEMPT,2026-08-10T10:00:00.000000Z,2026-08-08T09:00:00.000000Z,31050,GBP,PO_EXEMPT,INVOICE,PO-CASE-PO-EXEMPT,PO-CASE-PO-EXEMPT,EXCLUDED,CATEGORY_PO_EXEMPT,Outside the declared analysis cohort or supported invoice scope.,invoice:INV-CASE-PO-EXEMPT,EXCLUDED,CATEGORY_PO_EXEMPT,Outside the declared analysis cohort or supported invoice scope.,invoice:INV-CASE-PO-EXEMPT,NOT_ASSESSED,CATEGORY_PO_EXEMPT,,0,REQ-CASE-PO-EXEMPT,DEPT-01,WORKPLACE_BUYER,WORKPLACE_BUYER,Outside review scope.,21.333333333333332,0
INV-CASE-REFERENCE-REPAIR,SYNTHETIC,ELIGIBLE,,SUP-01,SYNTHETIC-CASE-REFERENCE-REPAIR,REQ-CASE-REFERENCE-REPAIR,2026-08-10T10:00:00.000000Z,2026-08-08T09:00:00.000000Z,31050,GBP,ROUTINE,INVOICE,,PO-CASE-REFERENCE-REPAIR,EXCEPTION,MISSING_PO_REFERENCE,No PO reference is supplied; this does not prove that no other PO exists.,invoice:INV-CASE-REFERENCE-REPAIR,READY,READY,"PO header identity, currency and approval evidence satisfy the declared rules.",case_event:CE-REFERENCE-REPAIR;invoice:INV-CASE-REFERENCE-REPAIR;po:PO-CASE-REFERENCE-REPAIR;po_event:PE-CASE-REFERENCE-REPAIR-02;request:REQ-CASE-REFERENCE-REPAIR;supplier:SUP-01,OPEN,OPEN_AT_RECEIPT,invoice:INV-CASE-REFERENCE-REPAIR,1,REQ-CASE-REFERENCE-REPAIR,DEPT-01,WORKPLACE_BUYER,WORKPLACE_BUYER,AP processor to review case disposition; PO header readiness alone does not authorise payment.,21.333333333333332,0
INV-CASE-REOPENED,SYNTHETIC,ELIGIBLE,,SUP-01,SYNTHETIC-CASE-REOPENED,REQ-CASE-REOPENED,2026-08-10T10:00:00.000000Z,2026-08-08T09:00:00.000000Z,31050,GBP,ROUTINE,INVOICE,,,EXCEPTION,MISSING_PO_REFERENCE,No PO reference is supplied; this does not prove that no other PO exists.,invoice:INV-CASE-REOPENED,EXCEPTION,MISSING_PO_REFERENCE,No PO reference is supplied; this does not prove that no other PO exists.,invoice:INV-CASE-REOPENED,OPEN,EXPLICIT_CASE_REOPENED,case_event:CE-CASE-REOPENED-REOPEN;invoice:INV-CASE-REOPENED,0,REQ-CASE-REOPENED,DEPT-01,WORKPLACE_BUYER,WORKPLACE_BUYER,Ask the responsible department to identify and confirm the invoice's PO reference.,21.333333333333332,1
INV-CASE-SHARED-PO-A,SYNTHETIC,ELIGIBLE,,SUP-01,SYNTHETIC-CASE-SHARED-PO-A,REQ-CASE-SHARED-PO,2026-08-10T10:00:00.000000Z,2026-08-08T09:00:00.000000Z,12000,GBP,ROUTINE,INVOICE,PO-CASE-SHARED-PO,PO-CASE-SHARED-PO,READY,READY,"PO header identity, currency and approval evidence satisfy the declared rules.",invoice:INV-CASE-SHARED-PO-A;po:PO-CASE-SHARED-PO;po_event:PE-CASE-SHARED-PO-03;request:REQ-CASE-SHARED-PO;supplier:SUP-01,READY,READY,"PO header identity, currency and approval evidence satisfy the declared rules.",invoice:INV-CASE-SHARED-PO-A;po:PO-CASE-SHARED-PO;po_event:PE-CASE-SHARED-PO-03;request:REQ-CASE-SHARED-PO;supplier:SUP-01,OPEN,OPEN_AT_RECEIPT,invoice:INV-CASE-SHARED-PO-A,0,REQ-CASE-SHARED-PO,DEPT-01,WORKPLACE_BUYER,WORKPLACE_BUYER,AP processor to review case disposition; PO header readiness alone does not authorise payment.,21.333333333333332,0
INV-CASE-SHARED-PO-B,SYNTHETIC,ELIGIBLE,,SUP-01,SYNTHETIC-CASE-SHARED-PO-B,REQ-CASE-SHARED-PO,2026-08-10T10:00:00.000000Z,2026-08-08T09:00:00.000000Z,18000,GBP,ROUTINE,INVOICE,PO-CASE-SHARED-PO,PO-CASE-SHARED-PO,READY,READY,"PO header identity, currency and approval evidence satisfy the declared rules.",invoice:INV-CASE-SHARED-PO-B;po:PO-CASE-SHARED-PO;po_event:PE-CASE-SHARED-PO-03;request:REQ-CASE-SHARED-PO;supplier:SUP-01,READY,READY,"PO header identity, currency and approval evidence satisfy the declared rules.",invoice:INV-CASE-SHARED-PO-B;po:PO-CASE-SHARED-PO;po_event:PE-CASE-SHARED-PO-03;request:REQ-CASE-SHARED-PO;supplier:SUP-01,OPEN,OPEN_AT_RECEIPT,invoice:INV-CASE-SHARED-PO-B,0,REQ-CASE-SHARED-PO,DEPT-01,WORKPLACE_BUYER,WORKPLACE_BUYER,AP processor to review case disposition; PO header readiness alone does not authorise payment.,21.333333333333332,0
INV-CASE-UNKNOWN-REFERENCE,SYNTHETIC,ELIGIBLE,,SUP-01,SYNTHETIC-CASE-UNKNOWN-REFERENCE,REQ-CASE-UNKNOWN-REFERENCE,2026-08-10T10:00:00.000000Z,2026-08-08T09:00:00.000000Z,31050,GBP,ROUTINE,INVOICE,PO-NOT-IN-REGISTRY,PO-NOT-IN-REGISTRY,EXCEPTION,PO_NOT_FOUND,The supplied PO reference is absent from the declared complete registry.,invoice:INV-CASE-UNKNOWN-REFERENCE;po:PO-NOT-IN-REGISTRY,EXCEPTION,PO_NOT_FOUND,The supplied PO reference is absent from the declared complete registry.,invoice:INV-CASE-UNKNOWN-REFERENCE;po:PO-NOT-IN-REGISTRY,OPEN,OPEN_AT_RECEIPT,invoice:INV-CASE-UNKNOWN-REFERENCE,0,REQ-CASE-UNKNOWN-REFERENCE,DEPT-01,WORKPLACE_BUYER,WORKPLACE_BUYER,Check the supplied reference against procurement records and obtain an evidenced correction.,21.333333333333332,1
INV-CASE-UNKNOWN-REQUEST,SYNTHETIC,ELIGIBLE,,SUP-01,SYNTHETIC-CASE-UNKNOWN-REQUEST,REQ-NOT-IN-REGISTRY,2026-08-10T10:00:00.000000Z,2026-08-08T09:00:00.000000Z,31050,GBP,ROUTINE,INVOICE,PO-CASE-UNKNOWN-REQUEST,PO-CASE-UNKNOWN-REQUEST,UNKNOWN,UNKNOWN_REQUEST_IDENTITY,A supplied request identity cannot be resolved in the source registry.,invoice:INV-CASE-UNKNOWN-REQUEST;po:PO-CASE-UNKNOWN-REQUEST,UNKNOWN,UNKNOWN_REQUEST_IDENTITY,A supplied request identity cannot be resolved in the source registry.,invoice:INV-CASE-UNKNOWN-REQUEST;po:PO-CASE-UNKNOWN-REQUEST,OPEN,OPEN_AT_RECEIPT,invoice:INV-CASE-UNKNOWN-REQUEST,0,REQ-NOT-IN-REGISTRY,,,AP_DATA_INVESTIGATION,"AP data investigation: reconcile the missing, invalid or ambiguous evidence identified by the reason and evidence IDs.",21.333333333333332,1
INV-CASE-UNKNOWN-SUPPLIER,SYNTHETIC,ELIGIBLE,,SUP-NOT-IN-REGISTRY,SYNTHETIC-CASE-UNKNOWN-SUPPLIER,REQ-CASE-UNKNOWN-SUPPLIER,2026-08-10T10:00:00.000000Z,2026-08-08T09:00:00.000000Z,31050,GBP,ROUTINE,INVOICE,PO-CASE-UNKNOWN-SUPPLIER,PO-CASE-UNKNOWN-SUPPLIER,UNKNOWN,UNKNOWN_SUPPLIER_IDENTITY,A supplier identity cannot be resolved in the source registry.,invoice:INV-CASE-UNKNOWN-SUPPLIER;po:PO-CASE-UNKNOWN-SUPPLIER,UNKNOWN,UNKNOWN_SUPPLIER_IDENTITY,A supplier identity cannot be resolved in the source registry.,invoice:INV-CASE-UNKNOWN-SUPPLIER;po:PO-CASE-UNKNOWN-SUPPLIER,OPEN,OPEN_AT_RECEIPT,invoice:INV-CASE-UNKNOWN-SUPPLIER,0,REQ-CASE-UNKNOWN-SUPPLIER,DEPT-01,WORKPLACE_BUYER,AP_DATA_INVESTIGATION,"AP data investigation: reconcile the missing, invalid or ambiguous evidence identified by the reason and evidence IDs.",21.333333333333332,1
INV-CASE-WRONG-REQUEST,SYNTHETIC,ELIGIBLE,,SUP-01,SYNTHETIC-CASE-WRONG-REQUEST,REQ-CASE-ALTERNATIVE-REQUEST,2026-08-10T10:00:00.000000Z,2026-08-08T09:00:00.000000Z,31050,GBP,ROUTINE,INVOICE,PO-CASE-WRONG-REQUEST,PO-CASE-WRONG-REQUEST,EXCEPTION,REQUEST_MISMATCH,The known invoice request differs from the PO request.,invoice:INV-CASE-WRONG-REQUEST;po:PO-CASE-WRONG-REQUEST;request:REQ-CASE-ALTERNATIVE-REQUEST;request:REQ-CASE-WRONG-REQUEST;supplier:SUP-01,EXCEPTION,REQUEST_MISMATCH,The known invoice request differs from the PO request.,invoice:INV-CASE-WRONG-REQUEST;po:PO-CASE-WRONG-REQUEST;request:REQ-CASE-ALTERNATIVE-REQUEST;request:REQ-CASE-WRONG-REQUEST;supplier:SUP-01,OPEN,OPEN_AT_RECEIPT,invoice:INV-CASE-WRONG-REQUEST,0,REQ-CASE-ALTERNATIVE-REQUEST,DEPT-01,WORKPLACE_BUYER,WORKPLACE_BUYER,Reconcile the invoice's request identity with the PO's linked request.,21.333333333333332,1
INV-CASE-WRONG-SUPPLIER,SYNTHETIC,ELIGIBLE,,SUP-02,SYNTHETIC-CASE-WRONG-SUPPLIER,REQ-CASE-WRONG-SUPPLIER,2026-08-10T10:00:00.000000Z,2026-08-08T09:00:00.000000Z,31050,GBP,ROUTINE,INVOICE,PO-CASE-WRONG-SUPPLIER,PO-CASE-WRONG-SUPPLIER,EXCEPTION,SUPPLIER_MISMATCH,"Known supplier identities disagree across the invoice, request or PO.",invoice:INV-CASE-WRONG-SUPPLIER;po:PO-CASE-WRONG-SUPPLIER;request:REQ-CASE-WRONG-SUPPLIER;supplier:SUP-01;supplier:SUP-02,EXCEPTION,SUPPLIER_MISMATCH,"Known supplier identities disagree across the invoice, request or PO.",invoice:INV-CASE-WRONG-SUPPLIER;po:PO-CASE-WRONG-SUPPLIER;request:REQ-CASE-WRONG-SUPPLIER;supplier:SUP-01;supplier:SUP-02,OPEN,OPEN_AT_RECEIPT,invoice:INV-CASE-WRONG-SUPPLIER,0,REQ-CASE-WRONG-SUPPLIER,DEPT-01,WORKPLACE_BUYER,WORKPLACE_BUYER,"Reconcile supplier identity across the invoice, request and PO before confirming a reference.",21.333333333333332,1
INV-SYN-001,SYNTHETIC,ELIGIBLE,,SUP-05,SYNTHETIC-SYN-001,REQ-SYN-001,2026-08-21T10:00:00.000000Z,2026-08-19T10:00:00.000000Z,431938,GBP,ROUTINE,INVOICE,PO-SYN-001,PO-SYN-001,READY,READY,"PO header identity, currency and approval evidence satisfy the declared rules.",invoice:INV-SYN-001;po:PO-SYN-001;po_event:PE-SYN-001-02;request:REQ-SYN-001;supplier:SUP-05,READY,READY,"PO header identity, currency and approval evidence satisfy the declared rules.",invoice:INV-SYN-001;po:PO-SYN-001;po_event:PE-SYN-001-02;request:REQ-SYN-001;supplier:SUP-05,OPEN,OPEN_AT_RECEIPT,invoice:INV-SYN-001,0,REQ-SYN-001,DEPT-02,DIGITAL_BUYER,DIGITAL_BUYER,AP processor to review case disposition; PO header readiness alone does not authorise payment.,10.333333333333334,0
INV-SYN-002,SYNTHETIC,ELIGIBLE,,SUP-06,SYNTHETIC-SYN-002,REQ-SYN-002,2026-08-13T15:00:00.000000Z,2026-08-10T15:00:00.000000Z,310735,GBP,ROUTINE,INVOICE,PO-SYN-002,PO-SYN-002,READY,READY,"PO header identity, currency and approval evidence satisfy the declared rules.",invoice:INV-SYN-002;po:PO-SYN-002;po_event:PE-SYN-002-02;request:REQ-SYN-002;supplier:SUP-06,READY,READY,"PO header identity, currency and approval evidence satisfy the declared rules.",invoice:INV-SYN-002;po:PO-SYN-002;po_event:PE-SYN-002-02;request:REQ-SYN-002;supplier:SUP-06,OPEN,OPEN_AT_RECEIPT,invoice:INV-SYN-002,0,REQ-SYN-002,DEPT-02,DIGITAL_BUYER,DIGITAL_BUYER,AP processor to review case disposition; PO header readiness alone does not authorise payment.,18.125,0
INV-SYN-003,SYNTHETIC,ELIGIBLE,,SUP-06,SYNTHETIC-SYN-003,REQ-SYN-003,2026-08-05T11:00:00.000000Z,2026-08-04T11:00:00.000000Z,177832,GBP,ROUTINE,INVOICE,PO-SYN-003,PO-SYN-003,READY,READY,"PO header identity, currency and approval evidence satisfy the declared rules.",invoice:INV-SYN-003;po:PO-SYN-003;po_event:PE-SYN-003-02;request:REQ-SYN-003;supplier:SUP-06,READY,READY,"PO header identity, currency and approval evidence satisfy the declared rules.",invoice:INV-SYN-003;po:PO-SYN-003;po_event:PE-SYN-003-02;request:REQ-SYN-003;supplier:SUP-06,OPEN,OPEN_AT_RECEIPT,invoice:INV-SYN-003,0,REQ-SYN-003,DEPT-01,WORKPLACE_BUYER,WORKPLACE_BUYER,AP processor to review case disposition; PO header readiness alone does not authorise payment.,26.291666666666668,0
INV-SYN-004,SYNTHETIC,ELIGIBLE,,SUP-03,SYNTHETIC-SYN-004,REQ-SYN-004,2026-08-11T11:00:00.000000Z,2026-08-08T11:00:00.000000Z,147390,GBP,ROUTINE,INVOICE,PO-SYN-004,PO-SYN-004,READY,READY,"PO header identity, currency and approval evidence satisfy the declared rules.",invoice:INV-SYN-004;po:PO-SYN-004;po_event:PE-SYN-004-02;request:REQ-SYN-004;supplier:SUP-03,READY,READY,"PO header identity, currency and approval evidence satisfy the declared rules.",invoice:INV-SYN-004;po:PO-SYN-004;po_event:PE-SYN-004-02;request:REQ-SYN-004;supplier:SUP-03,CLOSED,EXPLICIT_CASE_CLOSED,case_event:CE-SYN-004-CLOSED;invoice:INV-SYN-004,0,REQ-SYN-004,DEPT-05,LEARNING_BUYER,LEARNING_BUYER,AP case is explicitly closed in source history; payment status remains unassessed.,20.291666666666668,0
INV-SYN-005,SYNTHETIC,ELIGIBLE,,SUP-04,SYNTHETIC-SYN-005,REQ-SYN-005,2026-08-17T14:00:00.000000Z,2026-08-14T14:00:00.000000Z,83643,GBP,ROUTINE,INVOICE,PO-SYN-005,PO-SYN-005,READY,READY,"PO header identity, currency and approval evidence satisfy the declared rules.",invoice:INV-SYN-005;po:PO-SYN-005;po_event:PE-SYN-005-02;request:REQ-SYN-005;supplier:SUP-04,READY,READY,"PO header identity, currency and approval evidence satisfy the declared rules.",invoice:INV-SYN-005;po:PO-SYN-005;po_event:PE-SYN-005-02;request:REQ-SYN-005;supplier:SUP-04,OPEN,OPEN_AT_RECEIPT,invoice:INV-SYN-005,0,REQ-SYN-005,DEPT-05,LEARNING_BUYER,LEARNING_BUYER,AP processor to review case disposition; PO header readiness alone does not authorise payment.,14.166666666666666,0
INV-SYN-006,SYNTHETIC,ELIGIBLE,,SUP-04,SYNTHETIC-SYN-006,REQ-SYN-006,2026-08-09T15:00:00.000000Z,2026-08-08T15:00:00.000000Z,199665,GBP,ROUTINE,INVOICE,PO-SYN-006,PO-SYN-006,EXCEPTION,PO_NOT_APPROVED,"The latest eligible PO state is CREATED, without an effective approval.",invoice:INV-SYN-006;po:PO-SYN-006;po_event:PE-SYN-006-01;request:REQ-SYN-006;supplier:SUP-04,EXCEPTION,PO_NOT_APPROVED,"The latest eligible PO state is CREATED, without an effective approval.",invoice:INV-SYN-006;po:PO-SYN-006;po_event:PE-SYN-006-01;request:REQ-SYN-006;supplier:SUP-04,OPEN,OPEN_AT_RECEIPT,invoice:INV-SYN-006,0,REQ-SYN-006,DEPT-02,DIGITAL_BUYER,DIGITAL_BUYER,Ask the department buyer to review the PO approval evidence and required approval process.,22.125,1
INV-SYN-007,SYNTHETIC,ELIGIBLE,,SUP-05,SYNTHETIC-SYN-007,REQ-SYN-007,2026-08-10T10:00:00.000000Z,2026-08-07T10:00:00.000000Z,288367,GBP,ROUTINE,INVOICE,PO-SYN-007,PO-SYN-007,EXCEPTION,PO_NOT_APPROVED,"The latest eligible PO state is CREATED, without an effective approval.",invoice:INV-SYN-007;po:PO-SYN-007;po_event:PE-SYN-007-01;request:REQ-SYN-007;supplier:SUP-05,READY,READY,"PO header identity, currency and approval evidence satisfy the declared rules.",invoice:INV-SYN-007;po:PO-SYN-007;po_event:PE-SYN-007-02;request:REQ-SYN-007;supplier:SUP-05,OPEN,OPEN_AT_RECEIPT,invoice:INV-SYN-007,1,REQ-SYN-007,DEPT-04,,AP_TRIAGE,AP processor to review case disposition; PO header readiness alone does not authorise payment.,21.333333333333332,0
INV-SYN-008,SYNTHETIC,ELIGIBLE,,SUP-04,SYNTHETIC-SYN-008,REQ-SYN-008,2026-08-10T10:00:00.000000Z,2026-08-09T10:00:00.000000Z,73501,GBP,ROUTINE,INVOICE,,,EXCEPTION,MISSING_PO_REFERENCE,No PO reference is supplied; this does not prove that no other PO exists.,invoice:INV-SYN-008,EXCEPTION,MISSING_PO_REFERENCE,No PO reference is supplied; this does not prove that no other PO exists.,invoice:INV-SYN-008,OPEN,OPEN_AT_RECEIPT,invoice:INV-SYN-008,0,REQ-SYN-008,DEPT-02,DIGITAL_BUYER,DIGITAL_BUYER,Ask the responsible department to identify and confirm the invoice's PO reference.,21.333333333333332,1
INV-SYN-009,SYNTHETIC,ELIGIBLE,,SUP-01,SYNTHETIC-SYN-009,REQ-SYN-009,2026-08-07T14:00:00.000000Z,2026-08-06T14:00:00.000000Z,219537,GBP,ROUTINE,INVOICE,PO-SYN-009,PO-SYN-009,EXCEPTION,PO_CANCELLED,The latest eligible PO state is CANCELLED and requires human review.,invoice:INV-SYN-009;po:PO-SYN-009;po_event:PE-SYN-009-03;request:REQ-SYN-009;supplier:SUP-01,EXCEPTION,PO_CANCELLED,The latest eligible PO state is CANCELLED and requires human review.,invoice:INV-SYN-009;po:PO-SYN-009;po_event:PE-SYN-009-03;request:REQ-SYN-009;supplier:SUP-01,OPEN,OPEN_AT_RECEIPT,invoice:INV-SYN-009,0,REQ-SYN-009,DEPT-01,WORKPLACE_BUYER,WORKPLACE_BUYER,Ask the department buyer to review the cancelled PO and establish the correct order evidence.,24.166666666666668,1
INV-SYN-010,SYNTHETIC,ELIGIBLE,,SUP-02,SYNTHETIC-SYN-010,REQ-SYN-010,2026-08-12T15:00:00.000000Z,2026-08-10T15:00:00.000000Z,130167,GBP,ROUTINE,INVOICE,PO-SYN-010,PO-SYN-010,READY,READY,"PO header identity, currency and approval evidence satisfy the declared rules.",invoice:INV-SYN-010;po:PO-SYN-010;po_event:PE-SYN-010-02;request:REQ-SYN-010;supplier:SUP-02,READY,READY,"PO header identity, currency and approval evidence satisfy the declared rules.",invoice:INV-SYN-010;po:PO-SYN-010;po_event:PE-SYN-010-02;request:REQ-SYN-010;supplier:SUP-02,OPEN,OPEN_AT_RECEIPT,invoice:INV-SYN-010,0,REQ-SYN-010,DEPT-05,LEARNING_BUYER,LEARNING_BUYER,AP processor to review case disposition; PO header readiness alone does not authorise payment.,19.125,0
INV-SYN-011,SYNTHETIC,ELIGIBLE,,SUP-02,SYNTHETIC-SYN-011,REQ-SYN-011,2026-08-12T15:00:00.000000Z,2026-08-11T15:00:00.000000Z,130025,GBP,ROUTINE,INVOICE,PO-SYN-011,PO-SYN-011,READY,READY,"PO header identity, currency and approval evidence satisfy the declared rules.",invoice:INV-SYN-011;po:PO-SYN-011;po_event:PE-SYN-011-02;request:REQ-SYN-011;supplier:SUP-02,READY,READY,"PO header identity, currency and approval evidence satisfy the declared rules.",invoice:INV-SYN-011;po:PO-SYN-011;po_event:PE-SYN-011-02;request:REQ-SYN-011;supplier:SUP-02,OPEN,OPEN_AT_RECEIPT,invoice:INV-SYN-011,0,REQ-SYN-011,DEPT-04,,AP_TRIAGE,AP processor to review case disposition; PO header readiness alone does not authorise payment.,19.125,0
INV-SYN-012,SYNTHETIC,ELIGIBLE,,SUP-07,SYNTHETIC-SYN-012,REQ-SYN-012,2026-08-14T15:00:00.000000Z,2026-08-13T15:00:00.000000Z,192076,GBP,ROUTINE,INVOICE,PO-SYN-012,PO-SYN-012,READY,READY,"PO header identity, currency and approval evidence satisfy the declared rules.",invoice:INV-SYN-012;po:PO-SYN-012;po_event:PE-SYN-012-02;request:REQ-SYN-012;supplier:SUP-07,READY,READY,"PO header identity, currency and approval evidence satisfy the declared rules.",invoice:INV-SYN-012;po:PO-SYN-012;po_event:PE-SYN-012-02;request:REQ-SYN-012;supplier:SUP-07,CLOSED,EXPLICIT_CASE_CLOSED,case_event:CE-SYN-012-CLOSED;invoice:INV-SYN-012,0,REQ-SYN-012,DEPT-04,,AP_TRIAGE,AP case is explicitly closed in source history; payment status remains unassessed.,17.125,0
INV-SYN-013,SYNTHETIC,ELIGIBLE,,SUP-04,SYNTHETIC-SYN-013,REQ-SYN-013,2026-08-15T12:00:00.000000Z,2026-08-13T12:00:00.000000Z,271915,GBP,ROUTINE,INVOICE,PO-SYN-013,PO-SYN-013,READY,READY,"PO header identity, currency and approval evidence satisfy the declared rules.",invoice:INV-SYN-013;po:PO-SYN-013;po_event:PE-SYN-013-02;request:REQ-SYN-013;supplier:SUP-04,READY,READY,"PO header identity, currency and approval evidence satisfy the declared rules.",invoice:INV-SYN-013;po:PO-SYN-013;po_event:PE-SYN-013-02;request:REQ-SYN-013;supplier:SUP-04,OPEN,OPEN_AT_RECEIPT,invoice:INV-SYN-013,0,REQ-SYN-013,DEPT-01,WORKPLACE_BUYER,WORKPLACE_BUYER,AP processor to review case disposition; PO header readiness alone does not authorise payment.,16.25,0
INV-SYN-014,SYNTHETIC,ELIGIBLE,,SUP-08,SYNTHETIC-SYN-014,REQ-SYN-014,2026-08-04T10:00:00.000000Z,2026-08-02T10:00:00.000000Z,444050,GBP,ROUTINE,INVOICE,PO-SYN-014,PO-SYN-014,READY,READY,"PO header identity, currency and approval evidence satisfy the declared rules.",invoice:INV-SYN-014;po:PO-SYN-014;po_event:PE-SYN-014-02;request:REQ-SYN-014;supplier:SUP-08,READY,READY,"PO header identity, currency and approval evidence satisfy the declared rules.",invoice:INV-SYN-014;po:PO-SYN-014;po_event:PE-SYN-014-02;request:REQ-SYN-014;supplier:SUP-08,OPEN,OPEN_AT_RECEIPT,invoice:INV-SYN-014,0,REQ-SYN-014,DEPT-01,WORKPLACE_BUYER,WORKPLACE_BUYER,AP processor to review case disposition; PO header readiness alone does not authorise payment.,27.333333333333332,0
INV-SYN-015,SYNTHETIC,ELIGIBLE,,SUP-08,SYNTHETIC-SYN-015,REQ-SYN-015,2026-08-12T11:00:00.000000Z,2026-08-10T11:00:00.000000Z,100016,GBP,ROUTINE,INVOICE,PO-SYN-015,PO-SYN-015,READY,READY,"PO header identity, currency and approval evidence satisfy the declared rules.",invoice:INV-SYN-015;po:PO-SYN-015;po_event:PE-SYN-015-02;request:REQ-SYN-015;supplier:SUP-08,READY,READY,"PO header identity, currency and approval evidence satisfy the declared rules.",invoice:INV-SYN-015;po:PO-SYN-015;po_event:PE-SYN-015-02;request:REQ-SYN-015;supplier:SUP-08,OPEN,OPEN_AT_RECEIPT,invoice:INV-SYN-015,0,REQ-SYN-015,DEPT-05,LEARNING_BUYER,LEARNING_BUYER,AP processor to review case disposition; PO header readiness alone does not authorise payment.,19.291666666666668,0
INV-SYN-016,SYNTHETIC,ELIGIBLE,,SUP-07,SYNTHETIC-SYN-016,REQ-SYN-016,2026-08-09T14:00:00.000000Z,2026-08-06T14:00:00.000000Z,422241,GBP,ROUTINE,INVOICE,PO-SYN-016,PO-SYN-016,EXCEPTION,PO_NOT_APPROVED,"The latest eligible PO state is CREATED, without an effective approval.",invoice:INV-SYN-016;po:PO-SYN-016;po_event:PE-SYN-016-01;request:REQ-SYN-016;supplier:SUP-07,EXCEPTION,PO_NOT_APPROVED,"The latest eligible PO state is CREATED, without an effective approval.",invoice:INV-SYN-016;po:PO-SYN-016;po_event:PE-SYN-016-01;request:REQ-SYN-016;supplier:SUP-07,OPEN,OPEN_AT_RECEIPT,invoice:INV-SYN-016,0,REQ-SYN-016,DEPT-05,LEARNING_BUYER,LEARNING_BUYER,Ask the department buyer to review the PO approval evidence and required approval process.,22.166666666666668,1
INV-SYN-017,SYNTHETIC,ELIGIBLE,,SUP-05,SYNTHETIC-SYN-017,REQ-SYN-017,2026-08-08T13:00:00.000000Z,2026-08-05T13:00:00.000000Z,377414,GBP,ROUTINE,INVOICE,PO-SYN-017,PO-SYN-017,EXCEPTION,PO_NOT_APPROVED,"The latest eligible PO state is CREATED, without an effective approval.",invoice:INV-SYN-017;po:PO-SYN-017;po_event:PE-SYN-017-01;request:REQ-SYN-017;supplier:SUP-05,READY,READY,"PO header identity, currency and approval evidence satisfy the declared rules.",invoice:INV-SYN-017;po:PO-SYN-017;po_event:PE-SYN-017-02;request:REQ-SYN-017;supplier:SUP-05,OPEN,OPEN_AT_RECEIPT,invoice:INV-SYN-017,1,REQ-SYN-017,DEPT-02,DIGITAL_BUYER,DIGITAL_BUYER,AP processor to review case disposition; PO header readiness alone does not authorise payment.,23.208333333333332,0
INV-SYN-018,SYNTHETIC,ELIGIBLE,,SUP-03,SYNTHETIC-SYN-018,REQ-SYN-018,2026-08-12T12:00:00.000000Z,2026-08-11T12:00:00.000000Z,89282,GBP,ROUTINE,INVOICE,,,EXCEPTION,MISSING_PO_REFERENCE,No PO reference is supplied; this does not prove that no other PO exists.,invoice:INV-SYN-018,EXCEPTION,MISSING_PO_REFERENCE,No PO reference is supplied; this does not prove that no other PO exists.,invoice:INV-SYN-018,OPEN,OPEN_AT_RECEIPT,invoice:INV-SYN-018,0,REQ-SYN-018,DEPT-03,LOGISTICS_BUYER,LOGISTICS_BUYER,Ask the responsible department to identify and confirm the invoice's PO reference.,19.25,1
INV-SYN-019,SYNTHETIC,ELIGIBLE,,SUP-05,SYNTHETIC-SYN-019,REQ-SYN-019,2026-08-24T15:00:00.000000Z,2026-08-22T15:00:00.000000Z,118977,GBP,ROUTINE,INVOICE,PO-SYN-019,PO-SYN-019,EXCEPTION,PO_CANCELLED,The latest eligible PO state is CANCELLED and requires human review.,invoice:INV-SYN-019;po:PO-SYN-019;po_event:PE-SYN-019-03;request:REQ-SYN-019;supplier:SUP-05,EXCEPTION,PO_CANCELLED,The latest eligible PO state is CANCELLED and requires human review.,invoice:INV-SYN-019;po:PO-SYN-019;po_event:PE-SYN-019-03;request:REQ-SYN-019;supplier:SUP-05,OPEN,OPEN_AT_RECEIPT,invoice:INV-SYN-019,0,REQ-SYN-019,DEPT-04,,AP_TRIAGE,AP triage: establish and confirm the responsible department role first. Then ask the department buyer to review the cancelled PO and establish the correct order evidence.,7.125,1
INV-SYN-020,SYNTHETIC,ELIGIBLE,,SUP-02,SYNTHETIC-SYN-020,REQ-SYN-020,2026-08-14T14:00:00.000000Z,2026-08-13T14:00:00.000000Z,446167,GBP,ROUTINE,INVOICE,PO-SYN-020,PO-SYN-020,READY,READY,"PO header identity, currency and approval evidence satisfy the declared rules.",invoice:INV-SYN-020;po:PO-SYN-020;po_event:PE-SYN-020-02;request:REQ-SYN-020;supplier:SUP-02,READY,READY,"PO header identity, currency and approval evidence satisfy the declared rules.",invoice:INV-SYN-020;po:PO-SYN-020;po_event:PE-SYN-020-02;request:REQ-SYN-020;supplier:SUP-02,CLOSED,EXPLICIT_CASE_CLOSED,case_event:CE-SYN-020-CLOSED;invoice:INV-SYN-020,0,REQ-SYN-020,DEPT-01,WORKPLACE_BUYER,WORKPLACE_BUYER,AP case is explicitly closed in source history; payment status remains unassessed.,17.166666666666668,0
INV-SYN-021,SYNTHETIC,ELIGIBLE,,SUP-07,SYNTHETIC-SYN-021,REQ-SYN-021,2026-08-04T10:00:00.000000Z,2026-08-02T10:00:00.000000Z,428164,GBP,ROUTINE,INVOICE,PO-SYN-021,PO-SYN-021,READY,READY,"PO header identity, currency and approval evidence satisfy the declared rules.",invoice:INV-SYN-021;po:PO-SYN-021;po_event:PE-SYN-021-02;request:REQ-SYN-021;supplier:SUP-07,READY,READY,"PO header identity, currency and approval evidence satisfy the declared rules.",invoice:INV-SYN-021;po:PO-SYN-021;po_event:PE-SYN-021-02;request:REQ-SYN-021;supplier:SUP-07,OPEN,OPEN_AT_RECEIPT,invoice:INV-SYN-021,0,REQ-SYN-021,DEPT-05,LEARNING_BUYER,LEARNING_BUYER,AP processor to review case disposition; PO header readiness alone does not authorise payment.,27.333333333333332,0
INV-SYN-022,SYNTHETIC,ELIGIBLE,,SUP-01,SYNTHETIC-SYN-022,REQ-SYN-022,2026-08-16T11:00:00.000000Z,2026-08-15T11:00:00.000000Z,17891,GBP,ROUTINE,INVOICE,PO-SYN-022,PO-SYN-022,READY,READY,"PO header identity, currency and approval evidence satisfy the declared rules.",invoice:INV-SYN-022;po:PO-SYN-022;po_event:PE-SYN-022-02;request:REQ-SYN-022;supplier:SUP-01,READY,READY,"PO header identity, currency and approval evidence satisfy the declared rules.",invoice:INV-SYN-022;po:PO-SYN-022;po_event:PE-SYN-022-02;request:REQ-SYN-022;supplier:SUP-01,OPEN,OPEN_AT_RECEIPT,invoice:INV-SYN-022,0,REQ-SYN-022,DEPT-05,LEARNING_BUYER,LEARNING_BUYER,AP processor to review case disposition; PO header readiness alone does not authorise payment.,15.291666666666666,0
INV-SYN-023,SYNTHETIC,ELIGIBLE,,SUP-06,SYNTHETIC-SYN-023,REQ-SYN-023,2026-08-25T14:00:00.000000Z,2026-08-22T14:00:00.000000Z,292609,GBP,ROUTINE,INVOICE,PO-SYN-023,PO-SYN-023,READY,READY,"PO header identity, currency and approval evidence satisfy the declared rules.",invoice:INV-SYN-023;po:PO-SYN-023;po_event:PE-SYN-023-02;request:REQ-SYN-023;supplier:SUP-06,READY,READY,"PO header identity, currency and approval evidence satisfy the declared rules.",invoice:INV-SYN-023;po:PO-SYN-023;po_event:PE-SYN-023-02;request:REQ-SYN-023;supplier:SUP-06,OPEN,OPEN_AT_RECEIPT,invoice:INV-SYN-023,0,REQ-SYN-023,DEPT-02,DIGITAL_BUYER,DIGITAL_BUYER,AP processor to review case disposition; PO header readiness alone does not authorise payment.,6.166666666666667,0
INV-SYN-024,SYNTHETIC,ELIGIBLE,,SUP-03,SYNTHETIC-SYN-024,REQ-SYN-024,2026-08-04T10:00:00.000000Z,2026-08-02T10:00:00.000000Z,168503,GBP,ROUTINE,INVOICE,PO-SYN-024,PO-SYN-024,READY,READY,"PO header identity, currency and approval evidence satisfy the declared rules.",invoice:INV-SYN-024;po:PO-SYN-024;po_event:PE-SYN-024-02;request:REQ-SYN-024;supplier:SUP-03,READY,READY,"PO header identity, currency and approval evidence satisfy the declared rules.",invoice:INV-SYN-024;po:PO-SYN-024;po_event:PE-SYN-024-02;request:REQ-SYN-024;supplier:SUP-03,CLOSED,EXPLICIT_CASE_CLOSED,case_event:CE-SYN-024-CLOSED;invoice:INV-SYN-024,0,REQ-SYN-024,DEPT-02,DIGITAL_BUYER,DIGITAL_BUYER,AP case is explicitly closed in source history; payment status remains unassessed.,27.333333333333332,0
INV-SYN-025,SYNTHETIC,ELIGIBLE,,SUP-06,SYNTHETIC-SYN-025,REQ-SYN-025,2026-08-18T12:00:00.000000Z,2026-08-15T12:00:00.000000Z,305948,GBP,ROUTINE,INVOICE,PO-SYN-025,PO-SYN-025,READY,READY,"PO header identity, currency and approval evidence satisfy the declared rules.",invoice:INV-SYN-025;po:PO-SYN-025;po_event:PE-SYN-025-02;request:REQ-SYN-025;supplier:SUP-06,READY,READY,"PO header identity, currency and approval evidence satisfy the declared rules.",invoice:INV-SYN-025;po:PO-SYN-025;po_event:PE-SYN-025-02;request:REQ-SYN-025;supplier:SUP-06,OPEN,OPEN_AT_RECEIPT,invoice:INV-SYN-025,0,REQ-SYN-025,DEPT-03,LOGISTICS_BUYER,LOGISTICS_BUYER,AP processor to review case disposition; PO header readiness alone does not authorise payment.,13.25,0
INV-SYN-026,SYNTHETIC,ELIGIBLE,,SUP-05,SYNTHETIC-SYN-026,REQ-SYN-026,2026-08-21T12:00:00.000000Z,2026-08-19T12:00:00.000000Z,227420,GBP,ROUTINE,INVOICE,PO-SYN-026,PO-SYN-026,EXCEPTION,PO_NOT_APPROVED,"The latest eligible PO state is CREATED, without an effective approval.",invoice:INV-SYN-026;po:PO-SYN-026;po_event:PE-SYN-026-01;request:REQ-SYN-026;supplier:SUP-05,EXCEPTION,PO_NOT_APPROVED,"The latest eligible PO state is CREATED, without an effective approval.",invoice:INV-SYN-026;po:PO-SYN-026;po_event:PE-SYN-026-01;request:REQ-SYN-026;supplier:SUP-05,OPEN,OPEN_AT_RECEIPT,invoice:INV-SYN-026,0,REQ-SYN-026,DEPT-03,LOGISTICS_BUYER,LOGISTICS_BUYER,Ask the department buyer to review the PO approval evidence and required approval process.,10.25,1
INV-SYN-027,SYNTHETIC,ELIGIBLE,,SUP-05,SYNTHETIC-SYN-027,REQ-SYN-027,2026-08-08T10:00:00.000000Z,2026-08-07T10:00:00.000000Z,233282,GBP,ROUTINE,INVOICE,PO-SYN-027,PO-SYN-027,EXCEPTION,PO_NOT_APPROVED,"The latest eligible PO state is CREATED, without an effective approval.",invoice:INV-SYN-027;po:PO-SYN-027;po_event:PE-SYN-027-01;request:REQ-SYN-027;supplier:SUP-05,READY,READY,"PO header identity, currency and approval evidence satisfy the declared rules.",invoice:INV-SYN-027;po:PO-SYN-027;po_event:PE-SYN-027-02;request:REQ-SYN-027;supplier:SUP-05,OPEN,OPEN_AT_RECEIPT,invoice:INV-SYN-027,1,REQ-SYN-027,DEPT-05,LEARNING_BUYER,LEARNING_BUYER,AP processor to review case disposition; PO header readiness alone does not authorise payment.,23.333333333333332,0
INV-SYN-028,SYNTHETIC,ELIGIBLE,,SUP-02,SYNTHETIC-SYN-028,REQ-SYN-028,2026-08-05T14:00:00.000000Z,2026-08-03T14:00:00.000000Z,349604,GBP,ROUTINE,INVOICE,,,EXCEPTION,MISSING_PO_REFERENCE,No PO reference is supplied; this does not prove that no other PO exists.,invoice:INV-SYN-028,EXCEPTION,MISSING_PO_REFERENCE,No PO reference is supplied; this does not prove that no other PO exists.,invoice:INV-SYN-028,OPEN,OPEN_AT_RECEIPT,invoice:INV-SYN-028,0,REQ-SYN-028,DEPT-03,LOGISTICS_BUYER,LOGISTICS_BUYER,Ask the responsible department to identify and confirm the invoice's PO reference.,26.166666666666668,1
INV-SYN-029,SYNTHETIC,ELIGIBLE,,SUP-04,SYNTHETIC-SYN-029,REQ-SYN-029,2026-08-07T11:00:00.000000Z,2026-08-06T11:00:00.000000Z,438461,GBP,ROUTINE,INVOICE,PO-SYN-029,PO-SYN-029,EXCEPTION,PO_CANCELLED,The latest eligible PO state is CANCELLED and requires human review.,invoice:INV-SYN-029;po:PO-SYN-029;po_event:PE-SYN-029-03;request:REQ-SYN-029;supplier:SUP-04,EXCEPTION,PO_CANCELLED,The latest eligible PO state is CANCELLED and requires human review.,invoice:INV-SYN-029;po:PO-SYN-029;po_event:PE-SYN-029-03;request:REQ-SYN-029;supplier:SUP-04,OPEN,OPEN_AT_RECEIPT,invoice:INV-SYN-029,0,REQ-SYN-029,DEPT-04,,AP_TRIAGE,AP triage: establish and confirm the responsible department role first. Then ask the department buyer to review the cancelled PO and establish the correct order evidence.,24.291666666666668,1
INV-SYN-030,SYNTHETIC,ELIGIBLE,,SUP-01,SYNTHETIC-SYN-030,REQ-SYN-030,2026-08-03T15:00:00.000000Z,2026-08-01T15:00:00.000000Z,134788,GBP,ROUTINE,INVOICE,PO-SYN-030,PO-SYN-030,READY,READY,"PO header identity, currency and approval evidence satisfy the declared rules.",invoice:INV-SYN-030;po:PO-SYN-030;po_event:PE-SYN-030-02;request:REQ-SYN-030;supplier:SUP-01,READY,READY,"PO header identity, currency and approval evidence satisfy the declared rules.",invoice:INV-SYN-030;po:PO-SYN-030;po_event:PE-SYN-030-02;request:REQ-SYN-030;supplier:SUP-01,OPEN,OPEN_AT_RECEIPT,invoice:INV-SYN-030,0,REQ-SYN-030,DEPT-05,LEARNING_BUYER,LEARNING_BUYER,AP processor to review case disposition; PO header readiness alone does not authorise payment.,28.125,0
INV-SYN-031,SYNTHETIC,ELIGIBLE,,SUP-01,SYNTHETIC-SYN-031,REQ-SYN-031,2026-08-02T15:00:00.000000Z,2026-07-30T15:00:00.000000Z,18973,GBP,ROUTINE,INVOICE,PO-SYN-031,PO-SYN-031,READY,READY,"PO header identity, currency and approval evidence satisfy the declared rules.",invoice:INV-SYN-031;po:PO-SYN-031;po_event:PE-SYN-031-02;request:REQ-SYN-031;supplier:SUP-01,READY,READY,"PO header identity, currency and approval evidence satisfy the declared rules.",invoice:INV-SYN-031;po:PO-SYN-031;po_event:PE-SYN-031-02;request:REQ-SYN-031;supplier:SUP-01,OPEN,OPEN_AT_RECEIPT,invoice:INV-SYN-031,0,REQ-SYN-031,DEPT-03,LOGISTICS_BUYER,LOGISTICS_BUYER,AP processor to review case disposition; PO header readiness alone does not authorise payment.,29.125,0
INV-SYN-032,SYNTHETIC,ELIGIBLE,,SUP-03,SYNTHETIC-SYN-032,REQ-SYN-032,2026-08-10T14:00:00.000000Z,2026-08-08T14:00:00.000000Z,82282,GBP,ROUTINE,INVOICE,PO-SYN-032,PO-SYN-032,READY,READY,"PO header identity, currency and approval evidence satisfy the declared rules.",invoice:INV-SYN-032;po:PO-SYN-032;po_event:PE-SYN-032-02;request:REQ-SYN-032;supplier:SUP-03,READY,READY,"PO header identity, currency and approval evidence satisfy the declared rules.",invoice:INV-SYN-032;po:PO-SYN-032;po_event:PE-SYN-032-02;request:REQ-SYN-032;supplier:SUP-03,CLOSED,EXPLICIT_CASE_CLOSED,case_event:CE-SYN-032-CLOSED;invoice:INV-SYN-032,0,REQ-SYN-032,DEPT-01,WORKPLACE_BUYER,WORKPLACE_BUYER,AP case is explicitly closed in source history; payment status remains unassessed.,21.166666666666668,0
INV-SYN-033,SYNTHETIC,ELIGIBLE,,SUP-06,SYNTHETIC-SYN-033,REQ-SYN-033,2026-08-07T11:00:00.000000Z,2026-08-05T11:00:00.000000Z,323182,GBP,ROUTINE,INVOICE,PO-SYN-033,PO-SYN-033,READY,READY,"PO header identity, currency and approval evidence satisfy the declared rules.",invoice:INV-SYN-033;po:PO-SYN-033;po_event:PE-SYN-033-02;request:REQ-SYN-033;supplier:SUP-06,READY,READY,"PO header identity, currency and approval evidence satisfy the declared rules.",invoice:INV-SYN-033;po:PO-SYN-033;po_event:PE-SYN-033-02;request:REQ-SYN-033;supplier:SUP-06,OPEN,OPEN_AT_RECEIPT,invoice:INV-SYN-033,0,REQ-SYN-033,DEPT-01,WORKPLACE_BUYER,WORKPLACE_BUYER,AP processor to review case disposition; PO header readiness alone does not authorise payment.,24.291666666666668,0
INV-SYN-034,SYNTHETIC,ELIGIBLE,,SUP-02,SYNTHETIC-SYN-034,REQ-SYN-034,2026-08-19T15:00:00.000000Z,2026-08-17T15:00:00.000000Z,97363,GBP,ROUTINE,INVOICE,PO-SYN-034,PO-SYN-034,READY,READY,"PO header identity, currency and approval evidence satisfy the declared rules.",invoice:INV-SYN-034;po:PO-SYN-034;po_event:PE-SYN-034-02;request:REQ-SYN-034;supplier:SUP-02,READY,READY,"PO header identity, currency and approval evidence satisfy the declared rules.",invoice:INV-SYN-034;po:PO-SYN-034;po_event:PE-SYN-034-02;request:REQ-SYN-034;supplier:SUP-02,OPEN,OPEN_AT_RECEIPT,invoice:INV-SYN-034,0,REQ-SYN-034,DEPT-02,DIGITAL_BUYER,DIGITAL_BUYER,AP processor to review case disposition; PO header readiness alone does not authorise payment.,12.125,0
INV-SYN-035,SYNTHETIC,ELIGIBLE,,SUP-02,SYNTHETIC-SYN-035,REQ-SYN-035,2026-08-15T12:00:00.000000Z,2026-08-14T12:00:00.000000Z,409118,GBP,ROUTINE,INVOICE,PO-SYN-035,PO-SYN-035,READY,READY,"PO header identity, currency and approval evidence satisfy the declared rules.",invoice:INV-SYN-035;po:PO-SYN-035;po_event:PE-SYN-035-02;request:REQ-SYN-035;supplier:SUP-02,READY,READY,"PO header identity, currency and approval evidence satisfy the declared rules.",invoice:INV-SYN-035;po:PO-SYN-035;po_event:PE-SYN-035-02;request:REQ-SYN-035;supplier:SUP-02,OPEN,OPEN_AT_RECEIPT,invoice:INV-SYN-035,0,REQ-SYN-035,DEPT-02,DIGITAL_BUYER,DIGITAL_BUYER,AP processor to review case disposition; PO header readiness alone does not authorise payment.,16.25,0
INV-SYN-036,SYNTHETIC,ELIGIBLE,,SUP-04,SYNTHETIC-SYN-036,REQ-SYN-036,2026-08-17T12:00:00.000000Z,2026-08-16T12:00:00.000000Z,205545,GBP,ROUTINE,INVOICE,PO-SYN-036,PO-SYN-036,EXCEPTION,PO_NOT_APPROVED,"The latest eligible PO state is CREATED, without an effective approval.",invoice:INV-SYN-036;po:PO-SYN-036;po_event:PE-SYN-036-01;request:REQ-SYN-036;supplier:SUP-04,EXCEPTION,PO_NOT_APPROVED,"The latest eligible PO state is CREATED, without an effective approval.",invoice:INV-SYN-036;po:PO-SYN-036;po_event:PE-SYN-036-01;request:REQ-SYN-036;supplier:SUP-04,OPEN,OPEN_AT_RECEIPT,invoice:INV-SYN-036,0,REQ-SYN-036,DEPT-05,LEARNING_BUYER,LEARNING_BUYER,Ask the department buyer to review the PO approval evidence and required approval process.,14.25,1
INV-SYN-037,SYNTHETIC,ELIGIBLE,,SUP-05,SYNTHETIC-SYN-037,REQ-SYN-037,2026-08-11T12:00:00.000000Z,2026-08-08T12:00:00.000000Z,264543,GBP,ROUTINE,INVOICE,PO-SYN-037,PO-SYN-037,EXCEPTION,PO_NOT_APPROVED,"The latest eligible PO state is CREATED, without an effective approval.",invoice:INV-SYN-037;po:PO-SYN-037;po_event:PE-SYN-037-01;request:REQ-SYN-037;supplier:SUP-05,READY,READY,"PO header identity, currency and approval evidence satisfy the declared rules.",invoice:INV-SYN-037;po:PO-SYN-037;po_event:PE-SYN-037-02;request:REQ-SYN-037;supplier:SUP-05,OPEN,OPEN_AT_RECEIPT,invoice:INV-SYN-037,1,REQ-SYN-037,DEPT-03,LOGISTICS_BUYER,LOGISTICS_BUYER,AP processor to review case disposition; PO header readiness alone does not authorise payment.,20.25,0
INV-SYN-038,SYNTHETIC,ELIGIBLE,,SUP-08,SYNTHETIC-SYN-038,REQ-SYN-038,2026-08-20T11:00:00.000000Z,2026-08-17T11:00:00.000000Z,266967,GBP,ROUTINE,INVOICE,,,EXCEPTION,MISSING_PO_REFERENCE,No PO reference is supplied; this does not prove that no other PO exists.,invoice:INV-SYN-038,EXCEPTION,MISSING_PO_REFERENCE,No PO reference is supplied; this does not prove that no other PO exists.,invoice:INV-SYN-038,OPEN,OPEN_AT_RECEIPT,invoice:INV-SYN-038,0,REQ-SYN-038,DEPT-04,,AP_TRIAGE,AP triage: establish and confirm the responsible department role first. Then ask the responsible department to identify and confirm the invoice's PO reference.,11.291666666666666,1
INV-SYN-039,SYNTHETIC,ELIGIBLE,,SUP-07,SYNTHETIC-SYN-039,REQ-SYN-039,2026-08-11T11:00:00.000000Z,2026-08-09T11:00:00.000000Z,271884,GBP,ROUTINE,INVOICE,PO-SYN-039,PO-SYN-039,EXCEPTION,PO_CANCELLED,The latest eligible PO state is CANCELLED and requires human review.,invoice:INV-SYN-039;po:PO-SYN-039;po_event:PE-SYN-039-03;request:REQ-SYN-039;supplier:SUP-07,EXCEPTION,PO_CANCELLED,The latest eligible PO state is CANCELLED and requires human review.,invoice:INV-SYN-039;po:PO-SYN-039;po_event:PE-SYN-039-03;request:REQ-SYN-039;supplier:SUP-07,OPEN,OPEN_AT_RECEIPT,invoice:INV-SYN-039,0,REQ-SYN-039,DEPT-05,LEARNING_BUYER,LEARNING_BUYER,Ask the department buyer to review the cancelled PO and establish the correct order evidence.,20.291666666666668,1
INV-SYN-040,SYNTHETIC,ELIGIBLE,,SUP-02,SYNTHETIC-SYN-040,REQ-SYN-040,2026-08-16T13:00:00.000000Z,2026-08-14T13:00:00.000000Z,134451,GBP,ROUTINE,INVOICE,PO-SYN-040,PO-SYN-040,READY,READY,"PO header identity, currency and approval evidence satisfy the declared rules.",invoice:INV-SYN-040;po:PO-SYN-040;po_event:PE-SYN-040-02;request:REQ-SYN-040;supplier:SUP-02,READY,READY,"PO header identity, currency and approval evidence satisfy the declared rules.",invoice:INV-SYN-040;po:PO-SYN-040;po_event:PE-SYN-040-02;request:REQ-SYN-040;supplier:SUP-02,CLOSED,EXPLICIT_CASE_CLOSED,case_event:CE-SYN-040-CLOSED;invoice:INV-SYN-040,0,REQ-SYN-040,DEPT-02,DIGITAL_BUYER,DIGITAL_BUYER,AP case is explicitly closed in source history; payment status remains unassessed.,15.208333333333334,0
INV-SYN-041,SYNTHETIC,ELIGIBLE,,SUP-08,SYNTHETIC-SYN-041,REQ-SYN-041,2026-08-13T15:00:00.000000Z,2026-08-12T15:00:00.000000Z,377083,GBP,ROUTINE,INVOICE,PO-SYN-041,PO-SYN-041,READY,READY,"PO header identity, currency and approval evidence satisfy the declared rules.",invoice:INV-SYN-041;po:PO-SYN-041;po_event:PE-SYN-041-02;request:REQ-SYN-041;supplier:SUP-08,READY,READY,"PO header identity, currency and approval evidence satisfy the declared rules.",invoice:INV-SYN-041;po:PO-SYN-041;po_event:PE-SYN-041-02;request:REQ-SYN-041;supplier:SUP-08,OPEN,OPEN_AT_RECEIPT,invoice:INV-SYN-041,0,REQ-SYN-041,DEPT-02,DIGITAL_BUYER,DIGITAL_BUYER,AP processor to review case disposition; PO header readiness alone does not authorise payment.,18.125,0
INV-SYN-042,SYNTHETIC,ELIGIBLE,,SUP-05,SYNTHETIC-SYN-042,REQ-SYN-042,2026-08-18T12:00:00.000000Z,2026-08-15T12:00:00.000000Z,353862,GBP,ROUTINE,INVOICE,PO-SYN-042,PO-SYN-042,READY,READY,"PO header identity, currency and approval evidence satisfy the declared rules.",invoice:INV-SYN-042;po:PO-SYN-042;po_event:PE-SYN-042-02;request:REQ-SYN-042;supplier:SUP-05,READY,READY,"PO header identity, currency and approval evidence satisfy the declared rules.",invoice:INV-SYN-042;po:PO-SYN-042;po_event:PE-SYN-042-02;request:REQ-SYN-042;supplier:SUP-05,OPEN,OPEN_AT_RECEIPT,invoice:INV-SYN-042,0,REQ-SYN-042,DEPT-02,DIGITAL_BUYER,DIGITAL_BUYER,AP processor to review case disposition; PO header readiness alone does not authorise payment.,13.25,0
INV-SYN-043,SYNTHETIC,ELIGIBLE,,SUP-02,SYNTHETIC-SYN-043,REQ-SYN-043,2026-08-18T11:00:00.000000Z,2026-08-16T11:00:00.000000Z,403118,GBP,ROUTINE,INVOICE,PO-SYN-043,PO-SYN-043,READY,READY,"PO header identity, currency and approval evidence satisfy the declared rules.",invoice:INV-SYN-043;po:PO-SYN-043;po_event:PE-SYN-043-02;request:REQ-SYN-043;supplier:SUP-02,READY,READY,"PO header identity, currency and approval evidence satisfy the declared rules.",invoice:INV-SYN-043;po:PO-SYN-043;po_event:PE-SYN-043-02;request:REQ-SYN-043;supplier:SUP-02,OPEN,OPEN_AT_RECEIPT,invoice:INV-SYN-043,0,REQ-SYN-043,DEPT-05,LEARNING_BUYER,LEARNING_BUYER,AP processor to review case disposition; PO header readiness alone does not authorise payment.,13.291666666666666,0
INV-SYN-044,SYNTHETIC,ELIGIBLE,,SUP-02,SYNTHETIC-SYN-044,REQ-SYN-044,2026-08-20T15:00:00.000000Z,2026-08-19T15:00:00.000000Z,262262,GBP,ROUTINE,INVOICE,PO-SYN-044,PO-SYN-044,READY,READY,"PO header identity, currency and approval evidence satisfy the declared rules.",invoice:INV-SYN-044;po:PO-SYN-044;po_event:PE-SYN-044-02;request:REQ-SYN-044;supplier:SUP-02,READY,READY,"PO header identity, currency and approval evidence satisfy the declared rules.",invoice:INV-SYN-044;po:PO-SYN-044;po_event:PE-SYN-044-02;request:REQ-SYN-044;supplier:SUP-02,CLOSED,EXPLICIT_CASE_CLOSED,case_event:CE-SYN-044-CLOSED;invoice:INV-SYN-044,0,REQ-SYN-044,DEPT-02,DIGITAL_BUYER,DIGITAL_BUYER,AP case is explicitly closed in source history; payment status remains unassessed.,11.125,0
INV-SYN-045,SYNTHETIC,ELIGIBLE,,SUP-05,SYNTHETIC-SYN-045,REQ-SYN-045,2026-08-12T13:00:00.000000Z,2026-08-09T13:00:00.000000Z,185575,GBP,ROUTINE,INVOICE,PO-SYN-045,PO-SYN-045,READY,READY,"PO header identity, currency and approval evidence satisfy the declared rules.",invoice:INV-SYN-045;po:PO-SYN-045;po_event:PE-SYN-045-02;request:REQ-SYN-045;supplier:SUP-05,READY,READY,"PO header identity, currency and approval evidence satisfy the declared rules.",invoice:INV-SYN-045;po:PO-SYN-045;po_event:PE-SYN-045-02;request:REQ-SYN-045;supplier:SUP-05,OPEN,OPEN_AT_RECEIPT,invoice:INV-SYN-045,0,REQ-SYN-045,DEPT-03,LOGISTICS_BUYER,LOGISTICS_BUYER,AP processor to review case disposition; PO header readiness alone does not authorise payment.,19.208333333333332,0
INV-SYN-046,SYNTHETIC,ELIGIBLE,,SUP-05,SYNTHETIC-SYN-046,REQ-SYN-046,2026-08-08T14:00:00.000000Z,2026-08-06T14:00:00.000000Z,12437,GBP,ROUTINE,INVOICE,PO-SYN-046,PO-SYN-046,EXCEPTION,PO_NOT_APPROVED,"The latest eligible PO state is CREATED, without an effective approval.",invoice:INV-SYN-046;po:PO-SYN-046;po_event:PE-SYN-046-01;request:REQ-SYN-046;supplier:SUP-05,EXCEPTION,PO_NOT_APPROVED,"The latest eligible PO state is CREATED, without an effective approval.",invoice:INV-SYN-046;po:PO-SYN-046;po_event:PE-SYN-046-01;request:REQ-SYN-046;supplier:SUP-05,OPEN,OPEN_AT_RECEIPT,invoice:INV-SYN-046,0,REQ-SYN-046,DEPT-05,LEARNING_BUYER,LEARNING_BUYER,Ask the department buyer to review the PO approval evidence and required approval process.,23.166666666666668,1
INV-SYN-047,SYNTHETIC,ELIGIBLE,,SUP-08,SYNTHETIC-SYN-047,REQ-SYN-047,2026-08-21T15:00:00.000000Z,2026-08-19T15:00:00.000000Z,394016,GBP,ROUTINE,INVOICE,PO-SYN-047,PO-SYN-047,EXCEPTION,PO_NOT_APPROVED,"The latest eligible PO state is CREATED, without an effective approval.",invoice:INV-SYN-047;po:PO-SYN-047;po_event:PE-SYN-047-01;request:REQ-SYN-047;supplier:SUP-08,READY,READY,"PO header identity, currency and approval evidence satisfy the declared rules.",invoice:INV-SYN-047;po:PO-SYN-047;po_event:PE-SYN-047-02;request:REQ-SYN-047;supplier:SUP-08,OPEN,OPEN_AT_RECEIPT,invoice:INV-SYN-047,1,REQ-SYN-047,DEPT-02,DIGITAL_BUYER,DIGITAL_BUYER,AP processor to review case disposition; PO header readiness alone does not authorise payment.,10.125,0
INV-SYN-048,SYNTHETIC,ELIGIBLE,,SUP-07,SYNTHETIC-SYN-048,REQ-SYN-048,2026-08-08T11:00:00.000000Z,2026-08-05T11:00:00.000000Z,420299,GBP,ROUTINE,INVOICE,,,EXCEPTION,MISSING_PO_REFERENCE,No PO reference is supplied; this does not prove that no other PO exists.,invoice:INV-SYN-048,EXCEPTION,MISSING_PO_REFERENCE,No PO reference is supplied; this does not prove that no other PO exists.,invoice:INV-SYN-048,OPEN,OPEN_AT_RECEIPT,invoice:INV-SYN-048,0,REQ-SYN-048,DEPT-01,WORKPLACE_BUYER,WORKPLACE_BUYER,Ask the responsible department to identify and confirm the invoice's PO reference.,23.291666666666668,1
INV-SYN-049,SYNTHETIC,ELIGIBLE,,SUP-07,SYNTHETIC-SYN-049,REQ-SYN-049,2026-08-02T10:00:00.000000Z,2026-08-01T10:00:00.000000Z,114492,GBP,ROUTINE,INVOICE,PO-SYN-049,PO-SYN-049,EXCEPTION,PO_CANCELLED,The latest eligible PO state is CANCELLED and requires human review.,invoice:INV-SYN-049;po:PO-SYN-049;po_event:PE-SYN-049-03;request:REQ-SYN-049;supplier:SUP-07,EXCEPTION,PO_CANCELLED,The latest eligible PO state is CANCELLED and requires human review.,invoice:INV-SYN-049;po:PO-SYN-049;po_event:PE-SYN-049-03;request:REQ-SYN-049;supplier:SUP-07,OPEN,OPEN_AT_RECEIPT,invoice:INV-SYN-049,0,REQ-SYN-049,DEPT-02,DIGITAL_BUYER,DIGITAL_BUYER,Ask the department buyer to review the cancelled PO and establish the correct order evidence.,29.333333333333332,1
INV-SYN-050,SYNTHETIC,ELIGIBLE,,SUP-07,SYNTHETIC-SYN-050,REQ-SYN-050,2026-08-10T13:00:00.000000Z,2026-08-09T13:00:00.000000Z,234266,GBP,ROUTINE,INVOICE,PO-SYN-050,PO-SYN-050,READY,READY,"PO header identity, currency and approval evidence satisfy the declared rules.",invoice:INV-SYN-050;po:PO-SYN-050;po_event:PE-SYN-050-02;request:REQ-SYN-050;supplier:SUP-07,READY,READY,"PO header identity, currency and approval evidence satisfy the declared rules.",invoice:INV-SYN-050;po:PO-SYN-050;po_event:PE-SYN-050-02;request:REQ-SYN-050;supplier:SUP-07,OPEN,OPEN_AT_RECEIPT,invoice:INV-SYN-050,0,REQ-SYN-050,DEPT-01,WORKPLACE_BUYER,WORKPLACE_BUYER,AP processor to review case disposition; PO header readiness alone does not authorise payment.,21.208333333333332,0
INV-SYN-051,SYNTHETIC,ELIGIBLE,,SUP-02,SYNTHETIC-SYN-051,REQ-SYN-051,2026-08-15T13:00:00.000000Z,2026-08-14T13:00:00.000000Z,408674,GBP,ROUTINE,INVOICE,PO-SYN-051,PO-SYN-051,READY,READY,"PO header identity, currency and approval evidence satisfy the declared rules.",invoice:INV-SYN-051;po:PO-SYN-051;po_event:PE-SYN-051-02;request:REQ-SYN-051;supplier:SUP-02,READY,READY,"PO header identity, currency and approval evidence satisfy the declared rules.",invoice:INV-SYN-051;po:PO-SYN-051;po_event:PE-SYN-051-02;request:REQ-SYN-051;supplier:SUP-02,OPEN,OPEN_AT_RECEIPT,invoice:INV-SYN-051,0,REQ-SYN-051,DEPT-02,DIGITAL_BUYER,DIGITAL_BUYER,AP processor to review case disposition; PO header readiness alone does not authorise payment.,16.208333333333332,0
INV-SYN-052,SYNTHETIC,ELIGIBLE,,SUP-04,SYNTHETIC-SYN-052,REQ-SYN-052,2026-08-25T15:00:00.000000Z,2026-08-23T15:00:00.000000Z,36117,GBP,ROUTINE,INVOICE,PO-SYN-052,PO-SYN-052,READY,READY,"PO header identity, currency and approval evidence satisfy the declared rules.",invoice:INV-SYN-052;po:PO-SYN-052;po_event:PE-SYN-052-02;request:REQ-SYN-052;supplier:SUP-04,READY,READY,"PO header identity, currency and approval evidence satisfy the declared rules.",invoice:INV-SYN-052;po:PO-SYN-052;po_event:PE-SYN-052-02;request:REQ-SYN-052;supplier:SUP-04,CLOSED,EXPLICIT_CASE_CLOSED,case_event:CE-SYN-052-CLOSED;invoice:INV-SYN-052,0,REQ-SYN-052,DEPT-01,WORKPLACE_BUYER,WORKPLACE_BUYER,AP case is explicitly closed in source history; payment status remains unassessed.,6.125,0
INV-SYN-053,SYNTHETIC,ELIGIBLE,,SUP-02,SYNTHETIC-SYN-053,REQ-SYN-053,2026-08-04T10:00:00.000000Z,2026-08-01T10:00:00.000000Z,86851,GBP,ROUTINE,INVOICE,PO-SYN-053,PO-SYN-053,READY,READY,"PO header identity, currency and approval evidence satisfy the declared rules.",invoice:INV-SYN-053;po:PO-SYN-053;po_event:PE-SYN-053-02;request:REQ-SYN-053;supplier:SUP-02,READY,READY,"PO header identity, currency and approval evidence satisfy the declared rules.",invoice:INV-SYN-053;po:PO-SYN-053;po_event:PE-SYN-053-02;request:REQ-SYN-053;supplier:SUP-02,OPEN,OPEN_AT_RECEIPT,invoice:INV-SYN-053,0,REQ-SYN-053,DEPT-03,LOGISTICS_BUYER,LOGISTICS_BUYER,AP processor to review case disposition; PO header readiness alone does not authorise payment.,27.333333333333332,0
INV-SYN-054,SYNTHETIC,ELIGIBLE,,SUP-06,SYNTHETIC-SYN-054,REQ-SYN-054,2026-08-15T14:00:00.000000Z,2026-08-14T14:00:00.000000Z,198159,GBP,ROUTINE,INVOICE,PO-SYN-054,PO-SYN-054,READY,READY,"PO header identity, currency and approval evidence satisfy the declared rules.",invoice:INV-SYN-054;po:PO-SYN-054;po_event:PE-SYN-054-02;request:REQ-SYN-054;supplier:SUP-06,READY,READY,"PO header identity, currency and approval evidence satisfy the declared rules.",invoice:INV-SYN-054;po:PO-SYN-054;po_event:PE-SYN-054-02;request:REQ-SYN-054;supplier:SUP-06,OPEN,OPEN_AT_RECEIPT,invoice:INV-SYN-054,0,REQ-SYN-054,DEPT-02,DIGITAL_BUYER,DIGITAL_BUYER,AP processor to review case disposition; PO header readiness alone does not authorise payment.,16.166666666666668,0
INV-SYN-055,SYNTHETIC,ELIGIBLE,,SUP-02,SYNTHETIC-SYN-055,REQ-SYN-055,2026-08-19T11:00:00.000000Z,2026-08-17T11:00:00.000000Z,77784,GBP,ROUTINE,INVOICE,PO-SYN-055,PO-SYN-055,READY,READY,"PO header identity, currency and approval evidence satisfy the declared rules.",invoice:INV-SYN-055;po:PO-SYN-055;po_event:PE-SYN-055-02;request:REQ-SYN-055;supplier:SUP-02,READY,READY,"PO header identity, currency and approval evidence satisfy the declared rules.",invoice:INV-SYN-055;po:PO-SYN-055;po_event:PE-SYN-055-02;request:REQ-SYN-055;supplier:SUP-02,OPEN,OPEN_AT_RECEIPT,invoice:INV-SYN-055,0,REQ-SYN-055,DEPT-02,DIGITAL_BUYER,DIGITAL_BUYER,AP processor to review case disposition; PO header readiness alone does not authorise payment.,12.291666666666666,0
INV-SYN-056,SYNTHETIC,ELIGIBLE,,SUP-08,SYNTHETIC-SYN-056,REQ-SYN-056,2026-08-19T10:00:00.000000Z,2026-08-18T10:00:00.000000Z,81483,GBP,ROUTINE,INVOICE,PO-SYN-056,PO-SYN-056,EXCEPTION,PO_NOT_APPROVED,"The latest eligible PO state is CREATED, without an effective approval.",invoice:INV-SYN-056;po:PO-SYN-056;po_event:PE-SYN-056-01;request:REQ-SYN-056;supplier:SUP-08,EXCEPTION,PO_NOT_APPROVED,"The latest eligible PO state is CREATED, without an effective approval.",invoice:INV-SYN-056;po:PO-SYN-056;po_event:PE-SYN-056-01;request:REQ-SYN-056;supplier:SUP-08,OPEN,OPEN_AT_RECEIPT,invoice:INV-SYN-056,0,REQ-SYN-056,DEPT-03,LOGISTICS_BUYER,LOGISTICS_BUYER,Ask the department buyer to review the PO approval evidence and required approval process.,12.333333333333334,1
INV-SYN-057,SYNTHETIC,ELIGIBLE,,SUP-02,SYNTHETIC-SYN-057,REQ-SYN-057,2026-08-05T13:00:00.000000Z,2026-08-02T13:00:00.000000Z,409367,GBP,ROUTINE,INVOICE,PO-SYN-057,PO-SYN-057,EXCEPTION,PO_NOT_APPROVED,"The latest eligible PO state is CREATED, without an effective approval.",invoice:INV-SYN-057;po:PO-SYN-057;po_event:PE-SYN-057-01;request:REQ-SYN-057;supplier:SUP-02,READY,READY,"PO header identity, currency and approval evidence satisfy the declared rules.",invoice:INV-SYN-057;po:PO-SYN-057;po_event:PE-SYN-057-02;request:REQ-SYN-057;supplier:SUP-02,OPEN,OPEN_AT_RECEIPT,invoice:INV-SYN-057,1,REQ-SYN-057,DEPT-03,LOGISTICS_BUYER,LOGISTICS_BUYER,AP processor to review case disposition; PO header readiness alone does not authorise payment.,26.208333333333332,0
INV-SYN-058,SYNTHETIC,ELIGIBLE,,SUP-05,SYNTHETIC-SYN-058,REQ-SYN-058,2026-08-19T12:00:00.000000Z,2026-08-17T12:00:00.000000Z,87415,GBP,ROUTINE,INVOICE,,,EXCEPTION,MISSING_PO_REFERENCE,No PO reference is supplied; this does not prove that no other PO exists.,invoice:INV-SYN-058,EXCEPTION,MISSING_PO_REFERENCE,No PO reference is supplied; this does not prove that no other PO exists.,invoice:INV-SYN-058,OPEN,OPEN_AT_RECEIPT,invoice:INV-SYN-058,0,REQ-SYN-058,DEPT-04,,AP_TRIAGE,AP triage: establish and confirm the responsible department role first. Then ask the responsible department to identify and confirm the invoice's PO reference.,12.25,1
INV-SYN-059,SYNTHETIC,ELIGIBLE,,SUP-04,SYNTHETIC-SYN-059,REQ-SYN-059,2026-08-24T10:00:00.000000Z,2026-08-21T10:00:00.000000Z,335695,GBP,ROUTINE,INVOICE,PO-SYN-059,PO-SYN-059,EXCEPTION,PO_CANCELLED,The latest eligible PO state is CANCELLED and requires human review.,invoice:INV-SYN-059;po:PO-SYN-059;po_event:PE-SYN-059-03;request:REQ-SYN-059;supplier:SUP-04,EXCEPTION,PO_CANCELLED,The latest eligible PO state is CANCELLED and requires human review.,invoice:INV-SYN-059;po:PO-SYN-059;po_event:PE-SYN-059-03;request:REQ-SYN-059;supplier:SUP-04,OPEN,OPEN_AT_RECEIPT,invoice:INV-SYN-059,0,REQ-SYN-059,DEPT-05,LEARNING_BUYER,LEARNING_BUYER,Ask the department buyer to review the cancelled PO and establish the correct order evidence.,7.333333333333333,1
INV-SYN-060,SYNTHETIC,ELIGIBLE,,SUP-01,SYNTHETIC-SYN-060,REQ-SYN-060,2026-08-23T14:00:00.000000Z,2026-08-20T14:00:00.000000Z,88871,GBP,ROUTINE,INVOICE,PO-SYN-060,PO-SYN-060,READY,READY,"PO header identity, currency and approval evidence satisfy the declared rules.",invoice:INV-SYN-060;po:PO-SYN-060;po_event:PE-SYN-060-02;request:REQ-SYN-060;supplier:SUP-01,READY,READY,"PO header identity, currency and approval evidence satisfy the declared rules.",invoice:INV-SYN-060;po:PO-SYN-060;po_event:PE-SYN-060-02;request:REQ-SYN-060;supplier:SUP-01,CLOSED,EXPLICIT_CASE_CLOSED,case_event:CE-SYN-060-CLOSED;invoice:INV-SYN-060,0,REQ-SYN-060,DEPT-03,LOGISTICS_BUYER,LOGISTICS_BUYER,AP case is explicitly closed in source history; payment status remains unassessed.,8.166666666666666,0
